model_id,engine_litres,weight_kg,power_kw,cylinders,city_kpl
V001,4.3,1855,244,8,21.08
V002,2.5,1607,132,6,15.29
V003,4.6,2140,230,8,10.44
V004,4,1805,195,8,15.06
V005,4.7,2205,231,8,11.64
V006,2.3,1430,133,6,18.47
V007,3.3,1758,202,8,16.82
V008,4.9,2341,250,8,10.33
V009,1.6,1166,86,4,19.45
V010,1.1,1023,100,4,19.44
V011,4.2,1878,210,8,12.29
V012,1.7,1372,114,4,17.53
V013,1.2,1230,111,4,17.85
V014,3.8,1958,203,8,12.98
V015,1.3,1271,104,4,17.93
V016,2.2,1383,122,6,17.22
V017,4.8,2000,261,8,12.15
V018,4,1823,218,8,14.06
V019,2.5,1343,151,6,17.26
V020,2,1785,125,6,15.91
V021,2.5,1769,169,6,16.38
V022,4,1946,193,8,11.14
V023,3.4,1578,152,8,15.92
V024,2.5,1587,137,6,16.12
V025,1.4,1326,99,4,19.58
V026,4.6,1924,224,8,12.68
V027,1.7,1057,92,4,19.93
V028,1.8,1252,160,6,19.85
V029,4.3,2089,202,8,10.61
V030,3.1,1594,183,8,16.38
V031,4.5,2216,219,8,12.62
V032,2,1635,133,6,16.42
V033,5,2278,270,8,12.9
V034,3,1679,181,8,16.34
V035,4.8,2203,210,8,9.57
V036,1.2,1250,92,4,19.07
V037,4.6,2229,247,8,9.54
V038,2.5,1749,112,6,15.65
V039,4.9,2233,233,8,11.81
V040,4.4,2083,226,8,11.58
V041,2,1322,120,6,16.97
V042,1.9,1302,126,6,19.1
V043,4.9,2052,248,8,12.35
V044,4.8,2449,247,8,17.43
V045,4.9,2255,253,8,11.78
V046,5,2172,218,8,11.74
V047,3.8,1918,196,8,11.47
V048,2.2,1106,157,6,18.28
V049,3.1,1547,180,8,15.22
V050,3.2,1674,173,8,16.01
V051,2.7,1692,139,6,14.57
V052,1.9,1163,111,6,20.01
V053,3.5,1953,180,8,12.8
V054,4.4,2137,227,8,12.59
V055,4.9,2160,226,8,10.98
V056,4.9,2016,259,8,10.85
V057,3.1,1900,212,8,15.55
V058,1.8,1390,83,6,17.03
V059,5,2341,266,8,10.7
V060,3.1,1550,143,8,15.9
V061,1,920,87,4,20.04
V062,3.2,1475,190,8,17.92
V063,2.2,1515,150,6,19.21
V064,4.2,1913,222,8,13.45
V065,1.5,1043,94,4,20.05
V066,1.5,1186,101,4,18.12
V067,2.3,1858,136,6,17.33
V068,2.3,1603,127,6,17.26
V069,2.3,1549,135,6,16.79
V070,2.6,1571,140,6,14.34
V071,3.6,1799,175,8,12.38
V072,1.8,1334,123,6,17.9
V073,4,1983,193,8,13.13
V074,3.4,1953,154,8,12.76
V075,2.4,1597,149,6,17.04
V076,1,1308,88,4,17.92
V077,4.1,1938,188,8,12.84
V078,1.2,1544,89,4,17.36
V079,3.2,1740,146,8,13.71
V080,4.3,2002,234,8,10.88
V081,1.6,1524,108,4,17.55
V082,2.2,1300,149,6,18.99
V083,3.9,2140,210,8,14.54
V084,2.4,1318,151,6,18.31
V085,4.8,1877,247,8,12.87
V086,3.6,1578,187,8,14.38
V087,2.9,1755,144,6,23.31
V088,1.8,1405,143,6,19.76
V089,3,1831,177,8,15.23
V090,3.2,1731,172,8,13.75
V091,2,1094,119,6,17.74
V092,3.9,1780,175,8,13.08
V093,2.7,1594,162,6,17.87
V094,2.4,1496,140,6,16.4
V095,1.9,1150,146,6,19.42
V096,3.4,1704,202,8,16.79
V097,2.9,1886,150,6,15.08
V098,1.3,1217,85,4,17.22
V099,3.7,1702,169,8,13.19
V100,4.4,2202,248,8,12.2
V101,3.3,1804,217,8,14.74
V102,3.5,2100,225,8,14.04
V103,1.8,1313,137,6,18.47
V104,2.4,1721,148,6,15.96
V105,3,1872,170,8,12.17
V106,1.9,1358,110,6,16.95
V107,4.4,2015,210,8,11.26
V108,1.4,1188,100,4,18.47
V109,1.7,1473,152,4,18.24
V110,2.1,1842,124,6,15.68
V111,1.3,1256,98,4,18.6
V112,3.3,1928,175,8,12.79
V113,3.5,1750,177,8,13.52
V114,3,1839,155,8,15.49
V115,1.7,1337,120,4,17.86
V116,3.4,1683,181,8,14.1
V117,4.5,2127,246,8,13.03
V118,3.1,1693,202,8,16
V119,2.5,1659,132,6,14.43
V120,3.4,1705,175,8,13.86
V121,2.4,1559,106,6,14.38
V122,1.1,964,103,4,21.63
V123,1.1,1230,74,4,18.82
V124,2.7,1709,145,6,15.87
V125,3.9,1805,216,8,14.84
V126,3.3,1734,176,8,15.4
V127,3.9,2121,202,8,12.8
V128,2.9,1651,193,6,17.42
V129,1.6,1395,138,4,20
V130,3.9,1971,219,8,22.49
V131,3.6,1979,207,8,14.11
V132,4.8,2246,228,8,10.1
V133,3.7,1912,168,8,13.23
V134,3.3,1825,169,8,15.7
V135,3.1,1848,178,8,14.25
V136,2.9,1893,205,6,15.83
V137,3.6,1915,154,8,14.7
V138,3.2,1752,171,8,17.48
V139,3.5,1829,187,8,12.72
V140,3.3,1893,185,8,13.2
V141,1.1,926,97,4,21.25
V142,2.3,1615,126,6,15.81
V143,4.7,2100,230,8,12.81
V144,2.1,1279,123,6,17.72
V145,1.9,1302,113,6,17.22
V146,1.2,1060,94,4,18.4
V147,4.6,2066,226,8,12.58
V148,1.7,932,96,4,18.53
V149,3.7,1880,221,8,16.25
V150,3.5,1972,204,8,13.51
V151,1.8,1677,74,6,15.77
V152,1.7,1479,108,4,14.53
V153,3.5,1722,167,8,14.47
V154,2.8,1838,140,6,12.76
V155,4.1,1927,202,8,13.91
V156,2.9,1618,145,6,14.66
V157,4.4,1869,257,8,15.68
V158,4.1,1886,218,8,13.24
V159,2.6,1641,151,6,14.85
V160,2.4,1547,171,6,17.58
V161,4.7,2261,170,8,9.99
V162,4.9,2129,255,8,12.44
V163,4.8,2230,243,8,12.13
V164,2.5,1407,143,6,15.37
V165,1.3,1311,133,4,18.49
V166,2.3,1451,119,6,14.57
V167,2.4,1701,134,6,16.03
V168,4,2004,217,8,14.83
V169,4.5,1980,232,8,9.39
V170,4.9,2206,260,8,13.03
V171,1.6,1287,112,4,19.09
V172,3.5,1597,154,8,13.55
V173,1.7,1553,110,4,25.71
V174,2.9,1701,171,6,14.37
V175,1.8,1348,66,6,14.78
V176,3,1734,183,8,15.37
V177,1.1,893,73,4,19.37
V178,2.6,1623,121,6,13.87
V179,3,1821,158,8,15.76
V180,3.5,1795,157,8,15.53
V181,4.3,2159,227,8,12.16
V182,4.4,1902,262,8,13.34
V183,3.2,1744,148,8,14.19
V184,3.2,1902,177,8,13.82
V185,4.1,1940,200,8,12.91
V186,2.5,1474,150,6,18.32
V187,1.1,1237,76,4,17.58
V188,4.4,2089,231,8,11.42
V189,1.4,1223,80,4,18.46
V190,5,2191,239,8,11.2
V191,3.6,1825,217,8,13.77
V192,3.1,1601,209,8,15.83
V193,3.4,1702,202,8,13.9
V194,3.1,1827,185,8,16.23
V195,1.6,1593,122,4,19.02
V196,4.6,2082,235,8,13.08
V197,3.1,1548,197,8,15.58
V198,4.7,1908,256,8,12.55
V199,3.5,1762,215,8,17.94
V200,3.2,1873,186,8,14.66
V201,1.6,1283,105,4,18.43
V202,1.2,1253,84,4,19.45
V203,2,1258,117,6,18.67
V204,4.1,1913,201,8,14.21
V205,2.8,1642,142,6,13.8
V206,2.1,1583,127,6,15.15
V207,1.8,1268,107,6,18.74
V208,2.4,1368,132,6,17.96
V209,4.4,2029,221,8,11.62
V210,1.6,1316,138,4,19.18
V211,1.3,1272,59,4,17.62
V212,4.8,1935,244,8,13.29
V213,4.2,2027,218,8,12.56
V214,3.7,1796,228,8,13.06
V215,2.2,1475,130,6,15
V216,4,1767,237,8,22.24
V217,2.2,1496,143,6,16.58
V218,4,1919,217,8,14.4
V219,2.4,1508,139,6,16.81
V220,1.7,1378,80,4,15.44
V221,2.6,1481,140,6,16.6
V222,3.3,1608,161,8,14.57
V223,2.8,1406,170,6,17.63
V224,2.6,1441,140,6,15.31
V225,4.7,2119,249,8,11.49
V226,3.8,2135,223,8,12.76
V227,1,1037,89,4,19.57
V228,2.5,1297,165,6,19.2
V229,3.7,1775,158,8,13.06
V230,2.2,1373,117,6,16.43
V231,3.7,2121,183,8,11.28
V232,2.3,1387,129,6,16.2
V233,4.5,1791,235,8,12.86
V234,2,1508,117,6,16.69
V235,1.8,1216,107,6,19.44
V236,2.5,1425,162,6,16.93
V237,4.9,2065,243,8,11.09
V238,3.6,1997,179,8,12.47
V239,2.2,1310,140,6,16.56
V240,2.1,1336,122,6,18.26
V241,2,1419,111,6,17.49
V242,1.7,1361,100,4,17.4
V243,4.4,1746,192,8,12.49
V244,4.5,2034,231,8,13.53
V245,3.3,1765,164,8,13.4
V246,2.6,1488,159,6,16.58
V247,4.5,2133,232,8,11.82
V248,4,2021,232,8,12.35
V249,1.7,1185,106,4,16.04
V250,2.2,1507,145,6,17.93
V251,4.6,1998,222,8,11.71
V252,4.5,2039,208,8,10.18
V253,4.8,2107,261,8,11.55
V254,4.7,2057,239,8,12.96
V255,2.1,1574,121,6,17.92
V256,4.2,2020,186,8,12.54
V257,3.3,1660,159,8,15.63
V258,1.1,1084,76,4,17.62
V259,1.5,1224,95,4,27.98
V260,4.7,2105,267,8,12.15
