loan_id,credit_score,annual_income,loan_amount,debt_to_income,months_employed,prior_defaults,purpose,defaulted
L00001,836,72300,34600,0.292,0,0,other,0
L00002,767,36400,25600,0.556,21,0,debt_consolidation,0
L00003,749,36600,24800,0.329,54,0,medical,0
L00004,739,48400,9600,0.243,54,0,other,0
L00005,764,61000,16400,0.245,0,0,debt_consolidation,0
L00006,664,102100,61400,0.305,38,1,other,0
L00007,783,45400,17400,0.174,36,0,medical,0
L00008,751,33800,14400,0.506,0,0,other,0
L00009,588,68700,46900,0.278,15,0,medical,1
L00010,766,68200,39000,0.256,109,0,debt_consolidation,0
L00011,675,60100,20700,0.355,40,1,home_improvement,0
L00012,684,58700,28800,0.248,30,0,vehicle,0
L00013,594,43100,23500,0.519,61,0,debt_consolidation,0
L00014,673,64800,40700,0.42,118,0,debt_consolidation,0
L00015,840,64900,35600,0.407,41,0,other,0
L00016,682,42200,25200,0.428,108,2,medical,0
L00017,601,48800,31200,0.176,77,0,debt_consolidation,0
L00018,753,81100,23400,0.373,21,0,vehicle,0
L00019,768,64900,39700,0.301,75,0,debt_consolidation,0
L00020,607,75600,23600,0.45,123,1,home_improvement,0
L00021,673,106000,20200,0.068,68,1,home_improvement,0
L00022,703,74600,38000,0.126,158,0,vehicle,0
L00023,792,31800,23100,0.383,34,0,home_improvement,0
L00024,571,48100,27400,0.425,71,0,home_improvement,1
L00025,559,79300,31400,0.494,21,0,debt_consolidation,1
L00026,769,45200,25100,0.309,53,1,debt_consolidation,0
L00027,674,61500,13600,0.347,88,0,home_improvement,0
L00028,692,42300,6900,0.26,58,0,medical,0
L00029,836,76100,32900,0.34,33,0,other,0
L00030,795,52400,31700,0.303,53,0,medical,0
L00031,720,31300,17000,0.356,69,0,medical,0
L00032,637,64300,18600,0.063,22,0,other,0
L00033,627,69600,26700,0.153,52,0,other,1
L00034,676,55100,10700,0.379,62,0,debt_consolidation,0
L00035,721,94400,21400,0.38,107,0,other,0
L00036,709,69500,46400,0.336,34,0,medical,0
L00037,626,29700,11600,0.264,71,0,other,1
L00038,671,41500,9500,0.498,56,0,home_improvement,1
L00039,663,48000,22900,0.069,28,0,home_improvement,0
L00040,597,36800,6000,0.347,8,0,other,1
L00041,571,31400,11100,0.55,37,0,vehicle,1
L00042,723,75600,31700,0.338,67,1,vehicle,0
L00043,546,43400,16100,0.219,107,0,other,0
L00044,669,52600,8500,0.41,31,0,other,1
L00045,689,19900,8400,0.314,32,0,home_improvement,0
L00046,717,58600,30900,0.318,57,1,debt_consolidation,0
L00047,671,52600,28500,0.207,45,0,vehicle,0
L00048,739,41000,29300,0.401,41,0,home_improvement,0
L00049,716,27900,7900,0.372,44,0,medical,0
L00050,659,46400,13300,0.339,115,0,debt_consolidation,0
L00051,653,40500,16200,0.411,76,0,debt_consolidation,0
L00052,676,32900,21600,0.228,28,0,vehicle,0
L00053,752,81500,22300,0.345,77,0,home_improvement,0
L00054,709,33300,8600,0.321,127,2,medical,0
L00055,523,63500,20500,0.605,42,2,debt_consolidation,1
L00056,680,48800,36000,0.16,74,0,medical,0
L00057,726,24600,3900,0.186,30,1,vehicle,0
L00058,727,91500,52200,0.289,11,0,other,0
L00059,683,33900,8500,0.134,0,2,other,1
L00060,703,41900,8600,0.321,88,0,other,0
L00061,765,37300,8600,0.537,87,1,home_improvement,0
L00062,606,45100,21500,0.279,76,0,other,0
L00063,697,95500,67200,0.363,60,0,other,0
L00064,526,72100,30200,0.38,116,0,other,0
L00065,591,84100,26600,0.364,88,0,other,0
L00066,776,93000,55900,0.387,73,0,medical,0
L00067,624,83400,56400,0.355,23,0,vehicle,0
L00068,663,25600,8000,0.458,66,0,other,0
L00069,759,56300,37000,0.403,21,0,vehicle,0
L00070,694,22100,13100,0.257,44,0,other,0
L00071,646,38000,17500,0.239,39,0,debt_consolidation,0
L00072,706,64500,24100,0.399,79,1,other,0
L00073,764,38300,15100,0.168,39,0,medical,0
L00074,656,84900,28500,0.309,126,0,vehicle,0
L00075,732,55800,28800,0.234,27,2,debt_consolidation,0
L00076,762,36600,12800,0.205,136,0,medical,0
L00077,743,65600,41100,0.311,91,1,other,0
L00078,624,38300,14900,0.39,52,0,debt_consolidation,0
L00079,660,38600,20800,0.539,14,2,debt_consolidation,1
L00080,814,32100,24000,0.608,44,0,vehicle,0
L00081,685,53800,24400,0.288,20,2,home_improvement,0
L00082,745,56400,40800,0.318,64,1,debt_consolidation,0
L00083,710,68500,25000,0.508,29,0,medical,1
L00084,750,43800,9300,0.324,82,0,debt_consolidation,0
L00085,673,48300,16600,0.234,5,0,home_improvement,0
L00086,522,26600,12100,0.35,93,0,debt_consolidation,0
L00087,603,22800,8100,0.364,70,0,other,0
L00088,822,146200,78400,0.341,67,0,debt_consolidation,0
L00089,710,20000,3900,0.518,9,0,medical,1
L00090,633,43100,24100,0.428,35,0,other,1
L00091,772,70200,26400,0.302,106,0,debt_consolidation,0
L00092,658,30600,18000,0.26,102,0,vehicle,0
L00093,682,38000,20900,0.508,34,0,home_improvement,0
L00094,678,43000,11300,0.517,56,0,medical,0
L00095,707,165300,64100,0.395,33,0,debt_consolidation,0
L00096,730,24200,13300,0.409,26,0,home_improvement,0
L00097,723,37000,18400,0.439,24,0,vehicle,0
L00098,710,50600,32700,0.187,0,0,debt_consolidation,0
L00099,703,93700,16700,0.217,52,0,debt_consolidation,0
L00100,756,35400,12200,0.392,42,0,vehicle,0
L00101,724,39500,23000,0.516,31,0,other,0
L00102,759,53600,20000,0.105,109,0,vehicle,0
L00103,674,69400,16800,0.471,19,0,debt_consolidation,1
L00104,690,36900,26800,0.507,109,0,medical,0
L00105,640,36800,11600,0.312,3,2,debt_consolidation,0
L00106,697,35500,12600,0.537,63,1,vehicle,0
L00107,637,87600,13800,0.346,0,0,debt_consolidation,1
L00108,628,92700,61500,0.241,63,0,debt_consolidation,0
L00109,576,68900,17000,0.27,82,0,other,1
L00110,619,18600,13500,0.604,14,0,other,0
L00111,785,40200,20700,0.143,54,1,home_improvement,0
L00112,778,44300,19900,0.02,35,0,home_improvement,0
L00113,670,31100,11300,0.281,105,0,debt_consolidation,0
L00114,541,32800,5000,0.272,37,0,other,0
L00115,675,35100,25300,0.312,69,0,vehicle,0
L00116,573,41800,21900,0.315,90,0,home_improvement,1
L00117,610,46700,20300,0.219,36,0,debt_consolidation,0
L00118,738,63800,26800,0.378,96,0,vehicle,0
L00119,631,36200,24000,0.523,67,0,other,0
L00120,728,45900,13700,0.374,55,0,vehicle,0
L00121,595,80200,54000,0.536,9,0,other,1
L00122,736,35900,20600,0.378,0,0,vehicle,0
L00123,679,50600,11200,0.424,0,0,medical,1
L00124,675,132400,33500,0.384,50,0,vehicle,0
L00125,677,73700,41100,0.225,6,0,other,1
L00126,656,33500,13100,0.286,9,0,vehicle,0
L00127,840,83000,30500,0.219,77,0,debt_consolidation,0
L00128,613,49900,21500,0.232,46,0,other,0
L00129,780,58300,43300,0.436,38,0,other,0
L00130,661,77300,53400,0.259,62,0,other,0
L00131,784,70100,34700,0.179,51,0,vehicle,0
L00132,760,38100,26600,0.414,63,0,home_improvement,0
L00133,706,49200,17000,0.38,37,0,debt_consolidation,0
L00134,755,39700,24800,0.416,78,0,home_improvement,0
L00135,711,60200,39800,0.181,41,0,home_improvement,0
L00136,721,39600,9600,0.604,16,0,debt_consolidation,0
L00137,603,52600,29000,0.376,75,0,home_improvement,1
L00138,654,79100,29600,0.21,34,1,other,0
L00139,747,59100,14100,0.167,19,0,vehicle,0
L00140,748,36700,27200,0.271,41,1,debt_consolidation,0
L00141,668,46800,9200,0.289,86,0,medical,0
L00142,575,66000,30100,0.336,32,0,other,1
L00143,765,59400,23700,0.322,34,1,debt_consolidation,0
L00144,795,61100,29000,0.285,83,0,debt_consolidation,1
L00145,699,54500,33100,0.384,42,1,home_improvement,0
L00146,586,34300,19500,0.389,55,0,other,0
L00147,696,41800,8000,0.335,78,1,other,0
L00148,682,55900,20900,0.276,0,0,medical,0
L00149,650,43700,10400,0.308,125,0,other,0
L00150,702,40200,11900,0.265,46,0,vehicle,0
L00151,600,59100,9300,0.254,59,0,debt_consolidation,0
L00152,757,61600,36500,0.432,15,1,debt_consolidation,0
L00153,645,51400,19400,0.295,97,2,medical,0
L00154,693,42800,19200,0.294,46,0,other,1
L00155,615,42600,22500,0.294,47,0,other,0
L00156,623,45900,28300,0.324,19,0,other,0
L00157,687,96600,30700,0.311,29,1,medical,1
L00158,679,33800,11300,0.451,94,0,debt_consolidation,1
L00159,680,34700,23700,0.326,32,0,vehicle,0
L00160,759,47600,17100,0.438,38,0,debt_consolidation,0
L00161,602,41700,21700,0.451,54,0,medical,1
L00162,640,34800,19100,0.219,16,0,other,0
L00163,679,83800,15300,0.615,71,0,vehicle,1
L00164,763,85300,36900,0.32,17,1,vehicle,0
L00165,786,66200,32700,0.49,43,0,debt_consolidation,0
L00166,616,65500,12800,0.413,77,0,debt_consolidation,0
L00167,637,50500,25900,0.389,55,2,medical,1
L00168,623,44400,11600,0.513,46,0,other,0
L00169,524,20700,9400,0.344,80,0,vehicle,0
L00170,667,52600,21300,0.53,66,0,other,1
L00171,718,36200,14600,0.02,108,0,medical,0
L00172,712,68100,50100,0.33,96,0,debt_consolidation,0
L00173,653,39500,26700,0.58,47,0,vehicle,0
L00174,727,41200,7300,0.342,92,0,home_improvement,0
L00175,719,41000,11900,0.407,96,0,home_improvement,0
L00176,708,65200,17000,0.245,96,0,medical,0
L00177,724,76100,39800,0.555,46,1,vehicle,1
L00178,735,150900,111100,0.484,72,1,debt_consolidation,0
L00179,680,106800,53600,0.499,81,0,debt_consolidation,0
L00180,652,43400,19100,0.563,41,0,home_improvement,0
L00181,652,37700,10000,0.479,18,1,medical,0
L00182,771,50300,10600,0.33,26,0,home_improvement,0
L00183,690,50200,7500,0.483,56,0,other,0
L00184,633,60400,41900,0.277,0,0,home_improvement,0
L00185,503,34600,10000,0.289,55,2,other,0
L00186,681,32400,20100,0.368,47,1,home_improvement,0
L00187,687,73900,48400,0.387,34,0,other,0
L00188,757,33700,10200,0.407,69,0,debt_consolidation,0
L00189,632,36100,8300,0.131,81,0,home_improvement,0
L00190,738,51900,24300,0.438,58,0,vehicle,0
L00191,711,49700,18800,0.483,57,0,medical,0
L00192,675,40900,24000,0.334,61,0,vehicle,0
L00193,720,49300,31300,0.459,0,0,other,1
L00194,670,49500,22400,0.184,45,0,home_improvement,0
L00195,796,126900,52800,0.264,81,0,vehicle,0
L00196,663,102500,63400,0.466,67,0,vehicle,1
L00197,788,57400,21000,0.26,10,0,vehicle,0
L00198,650,55000,29100,0.505,0,0,debt_consolidation,0
L00199,610,89700,51000,0.234,54,0,home_improvement,0
L00200,711,45800,33200,0.27,97,0,debt_consolidation,0
L00201,658,42700,25600,0.392,76,0,vehicle,0
L00202,727,55600,32000,0.371,80,0,home_improvement,0
L00203,674,48000,34400,0.483,88,0,medical,0
L00204,572,74300,30300,0.471,64,0,vehicle,0
L00205,790,27900,5500,0.174,74,0,medical,0
L00206,653,60100,9000,0.451,28,0,other,0
L00207,622,100700,56600,0.336,41,0,other,0
L00208,778,61700,37900,0.387,11,0,other,0
L00209,751,59200,37200,0.301,48,0,vehicle,0
L00210,707,36500,18200,0.32,79,0,other,0
L00211,675,41400,6700,0.412,27,0,debt_consolidation,0
L00212,682,64100,13300,0.347,76,0,vehicle,0
L00213,646,54600,32300,0.237,123,0,home_improvement,0
L00214,747,38600,9900,0.508,0,0,medical,1
L00215,744,54900,19600,0.444,90,0,other,0
L00216,724,120000,25700,0.401,76,0,home_improvement,0
L00217,786,81600,26800,0.37,84,0,medical,0
L00218,730,31400,7400,0.31,22,0,debt_consolidation,0
L00219,752,47300,24300,0.358,32,1,debt_consolidation,0
L00220,713,94000,14700,0.212,37,0,home_improvement,0
L00221,612,32000,7400,0.295,58,0,other,0
L00222,756,42100,14200,0.168,56,0,debt_consolidation,0
L00223,640,50700,13700,0.308,44,0,medical,0
L00224,835,45100,17500,0.243,27,0,vehicle,0
L00225,693,55000,17100,0.263,110,0,vehicle,0
L00226,786,45700,31000,0.259,76,0,debt_consolidation,0
L00227,768,44500,28500,0.241,10,0,home_improvement,0
L00228,784,59600,19400,0.264,85,0,home_improvement,0
L00229,633,41600,17700,0.142,74,1,medical,0
L00230,729,64300,39400,0.386,52,0,vehicle,0
L00231,787,59600,37900,0.325,83,0,medical,0
L00232,716,57900,42000,0.385,43,0,other,0
L00233,609,71400,19300,0.226,24,0,vehicle,0
L00234,625,89700,26000,0.33,26,2,debt_consolidation,1
L00235,611,42300,16900,0.315,24,0,vehicle,0
L00236,641,80400,39700,0.468,109,0,medical,0
L00237,721,81700,13900,0.284,89,0,debt_consolidation,0
L00238,697,64800,12700,0.425,68,0,debt_consolidation,0
L00239,764,53800,9300,0.399,28,0,medical,0
L00240,652,72100,48600,0.562,92,0,other,1
L00241,689,49000,33300,0.243,39,0,home_improvement,0
L00242,552,141100,73500,0.417,86,0,vehicle,0
L00243,839,70700,37800,0.328,48,0,other,0
L00244,711,32800,19700,0.435,78,0,other,1
L00245,630,24700,6900,0.515,50,0,medical,1
L00246,682,47000,7200,0.416,56,0,other,0
L00247,648,82100,22300,0.123,48,0,medical,0
L00248,667,25400,13200,0.152,90,1,debt_consolidation,0
L00249,656,43500,17400,0.427,66,0,vehicle,0
L00250,729,81800,32500,0.084,47,0,vehicle,0
L00251,772,25000,12600,0.415,85,0,vehicle,0
L00252,692,43900,11000,0.416,42,0,other,1
L00253,665,55600,27500,0.445,25,0,vehicle,1
L00254,714,71800,22600,0.198,62,0,other,0
L00255,634,60800,9800,0.344,106,0,vehicle,0
L00256,615,49800,22200,0.062,17,1,vehicle,0
L00257,703,35700,21900,0.309,79,0,debt_consolidation,0
L00258,741,43100,11400,0.389,46,0,debt_consolidation,0
L00259,698,110300,50900,0.362,87,1,medical,0
L00260,743,30800,7800,0.388,57,0,home_improvement,0
L00261,815,43500,11500,0.386,53,0,debt_consolidation,0
L00262,668,81900,29700,0.274,49,1,medical,1
L00263,650,167000,40700,0.33,77,0,debt_consolidation,0
L00264,604,53900,32300,0.434,0,0,vehicle,1
L00265,728,54400,10700,0.128,63,0,other,0
L00266,639,61400,42900,0.595,36,0,vehicle,1
L00267,724,50400,7700,0.311,3,0,debt_consolidation,1
L00268,651,58200,33200,0.531,45,0,other,0
L00269,744,64700,17600,0.352,65,0,medical,0
L00270,722,68700,15400,0.132,0,0,other,0
L00271,673,107600,57300,0.38,75,0,medical,0
L00272,751,65500,48100,0.398,48,0,debt_consolidation,0
L00273,747,51400,16500,0.088,80,0,other,0
L00274,650,21700,16000,0.34,59,1,other,0
L00275,745,29600,6100,0.385,47,0,other,0
L00276,782,54000,16300,0.576,84,0,medical,0
L00277,610,29100,9100,0.5,64,0,medical,0
L00278,632,35100,10800,0.548,37,0,vehicle,1
L00279,838,67600,18400,0.171,102,0,debt_consolidation,0
L00280,666,47800,32000,0.56,48,0,debt_consolidation,0
L00281,686,54900,33000,0.324,32,0,medical,0
L00282,681,50900,24200,0.386,67,0,medical,0
L00283,699,45100,9400,0.421,19,0,vehicle,0
L00284,700,52200,15800,0.498,0,0,home_improvement,0
L00285,805,22500,7300,0.315,103,0,home_improvement,0
L00286,669,28100,16800,0.383,22,0,home_improvement,0
L00287,748,41100,12600,0.28,114,0,home_improvement,0
L00288,754,67600,42800,0.186,98,0,home_improvement,0
L00289,696,33900,11200,0.59,20,0,home_improvement,0
L00290,702,52500,19200,0.331,69,0,medical,0
L00291,583,60300,26600,0.593,2,0,home_improvement,1
L00292,819,109900,67500,0.413,62,0,medical,0
L00293,725,69400,29000,0.382,143,0,debt_consolidation,0
L00294,781,31800,20600,0.468,101,0,other,0
L00295,719,49900,30400,0.282,98,0,home_improvement,0
L00296,806,61300,35600,0.389,15,0,medical,0
L00297,696,65900,32600,0.405,110,0,home_improvement,0
L00298,617,43300,8500,0.296,0,0,medical,1
L00299,800,38200,15200,0.283,85,0,other,0
L00300,662,55700,17400,0.213,82,0,other,0
L00301,609,63700,17800,0.162,0,0,home_improvement,1
L00302,507,48300,12000,0.572,79,0,home_improvement,1
L00303,646,34800,12700,0.39,42,0,medical,0
L00304,728,102900,75000,0.537,34,1,vehicle,0
L00305,782,38700,20000,0.164,16,0,debt_consolidation,0
L00306,775,62500,17400,0.482,96,1,other,0
L00307,826,45600,20000,0.197,33,1,medical,0
L00308,665,56400,33400,0.163,125,0,debt_consolidation,0
L00309,709,50900,22300,0.256,123,0,medical,0
L00310,794,93300,46400,0.169,49,0,vehicle,0
L00311,638,36600,7700,0.443,73,0,debt_consolidation,0
L00312,565,71000,26000,0.277,43,0,debt_consolidation,1
L00313,771,36200,18600,0.541,62,0,home_improvement,0
L00314,757,62700,11400,0.378,102,0,debt_consolidation,0
L00315,793,44800,18200,0.321,78,0,other,0
L00316,750,66400,25800,0.363,110,0,vehicle,0
L00317,636,32100,10600,0.199,77,0,home_improvement,0
L00318,726,39200,21000,0.456,52,1,other,0
L00319,756,32100,11400,0.539,46,0,vehicle,0
L00320,783,35100,12600,0.088,9,0,debt_consolidation,0
L00321,644,80000,29000,0.519,9,0,home_improvement,1
L00322,711,73500,16300,0.105,86,0,vehicle,0
L00323,761,30800,6100,0.269,70,0,debt_consolidation,0
L00324,652,45900,10400,0.45,3,0,other,0
L00325,623,54200,35000,0.349,87,0,debt_consolidation,0
L00326,717,34100,16000,0.262,98,0,debt_consolidation,0
L00327,625,43300,28900,0.406,75,0,home_improvement,0
L00328,741,64500,29700,0.366,17,0,vehicle,1
L00329,792,72200,23900,0.394,59,0,medical,0
L00330,726,83500,61600,0.333,76,0,debt_consolidation,0
L00331,703,89800,58100,0.543,141,0,home_improvement,0
L00332,741,25200,8800,0.391,0,1,home_improvement,1
L00333,659,30500,21100,0.151,144,0,other,0
L00334,775,78300,29600,0.492,114,0,other,0
L00335,662,46400,30900,0.478,64,0,debt_consolidation,0
L00336,736,30000,14000,0.435,25,0,vehicle,0
L00337,620,45100,7900,0.454,48,0,other,0
L00338,610,67300,29200,0.507,35,0,other,0
L00339,578,89600,34500,0.372,71,0,vehicle,0
L00340,657,43200,30800,0.31,0,0,debt_consolidation,1
L00341,744,63800,46000,0.381,67,1,medical,0
L00342,677,111400,70900,0.387,28,0,other,1
L00343,632,28200,7700,0.413,59,0,debt_consolidation,0
L00344,637,91800,60900,0.318,82,2,vehicle,1
L00345,790,49700,12100,0.283,70,0,medical,1
L00346,650,42600,12100,0.384,18,0,vehicle,1
L00347,704,67600,44300,0.362,0,0,home_improvement,1
L00348,627,71300,52100,0.2,96,0,debt_consolidation,0
L00349,728,63700,24600,0.166,78,0,debt_consolidation,0
L00350,738,31100,21200,0.405,67,0,vehicle,0
L00351,729,59900,13000,0.214,40,0,vehicle,1
L00352,829,40800,12000,0.395,34,2,home_improvement,0
L00353,725,26400,8800,0.371,74,0,debt_consolidation,0
L00354,698,24600,11400,0.303,15,0,other,1
L00355,566,70600,33200,0.219,81,0,vehicle,0
L00356,705,38300,28600,0.404,20,0,debt_consolidation,0
L00357,721,62900,44600,0.276,78,0,vehicle,0
L00358,678,60500,30100,0.479,67,0,debt_consolidation,0
L00359,819,62100,14300,0.31,0,0,other,0
L00360,727,69400,34300,0.128,96,0,medical,0
L00361,730,38500,24500,0.295,38,0,vehicle,0
L00362,663,43700,22200,0.379,92,0,medical,0
L00363,664,154300,26300,0.399,59,0,other,0
L00364,652,81600,18900,0.272,113,0,medical,0
L00365,647,46000,12600,0.305,45,0,debt_consolidation,0
L00366,728,59200,36100,0.404,71,0,home_improvement,0
L00367,525,47300,18300,0.198,101,0,medical,0
L00368,769,65300,33700,0.273,102,0,other,0
L00369,754,27700,12600,0.177,0,0,medical,1
L00370,619,38300,28300,0.367,0,0,debt_consolidation,1
L00371,719,30400,21100,0.088,74,0,other,0
L00372,741,67300,49900,0.156,105,0,medical,0
L00373,531,47200,29000,0.233,8,0,vehicle,1
L00374,813,37800,18100,0.229,47,0,medical,0
L00375,769,52300,20400,0.423,28,0,other,1
L00376,499,37300,13600,0.537,65,0,debt_consolidation,1
L00377,661,46900,26400,0.415,69,2,vehicle,1
L00378,545,65400,38600,0.319,46,2,medical,1
L00379,622,55600,17300,0.38,54,0,home_improvement,0
L00380,623,103100,29800,0.09,88,0,home_improvement,0
L00381,654,37600,18500,0.144,77,1,other,0
L00382,597,24100,12200,0.183,6,0,medical,0
L00383,636,42500,9900,0.339,18,0,home_improvement,0
L00384,655,53600,30600,0.296,20,0,medical,0
L00385,783,26900,4800,0.506,36,0,home_improvement,0
L00386,800,38400,26300,0.301,0,0,vehicle,0
L00387,661,32900,6600,0.289,85,0,vehicle,0
L00388,619,23900,6400,0.459,0,0,debt_consolidation,0
L00389,701,56700,34300,0.628,40,0,vehicle,0
L00390,632,67900,10300,0.365,29,0,medical,1
L00391,690,42000,25400,0.339,0,2,debt_consolidation,1
L00392,591,47400,24100,0.263,15,0,vehicle,1
L00393,727,82100,28500,0.634,74,0,debt_consolidation,1
L00394,803,26100,18600,0.286,0,1,vehicle,0
L00395,840,26000,15200,0.393,46,0,vehicle,0
L00396,583,63600,19300,0.134,58,0,vehicle,0
L00397,642,27800,19100,0.492,103,0,vehicle,1
L00398,690,35900,14600,0.277,70,0,debt_consolidation,0
L00399,824,47600,18700,0.288,45,0,debt_consolidation,0
L00400,657,45800,22400,0.506,69,0,medical,1
L00401,694,94400,48400,0.183,64,0,other,0
L00402,716,83900,41700,0.417,65,0,other,0
L00403,752,110000,72100,0.424,47,0,home_improvement,1
L00404,769,49600,32400,0.3,72,0,vehicle,0
L00405,688,45300,19900,0.151,98,1,medical,0
L00406,764,70700,45600,0.175,82,0,vehicle,1
L00407,698,25000,16900,0.336,66,0,other,1
L00408,593,31400,11100,0.297,77,0,medical,0
L00409,617,41600,25100,0.394,107,2,debt_consolidation,0
L00410,689,34700,5800,0.464,95,0,other,0
L00411,791,34400,16400,0.304,0,0,vehicle,0
L00412,737,46800,13000,0.315,116,0,other,0
L00413,656,42000,21100,0.225,41,0,home_improvement,0
L00414,749,44500,18500,0.343,46,1,debt_consolidation,0
L00415,678,55800,30300,0.3,61,0,medical,0
L00416,686,82500,34800,0.432,53,0,other,0
L00417,764,26300,9500,0.368,62,0,debt_consolidation,0
L00418,613,27500,15000,0.48,90,0,vehicle,0
L00419,816,70700,44900,0.235,125,0,vehicle,0
L00420,646,93400,45500,0.404,0,0,home_improvement,1
L00421,691,44600,25200,0.376,32,0,debt_consolidation,0
L00422,768,69300,46700,0.376,2,0,other,0
L00423,670,51000,35700,0.597,85,0,medical,0
L00424,668,77400,16100,0.298,29,0,debt_consolidation,0
L00425,620,51900,27300,0.399,30,0,medical,0
L00426,667,62900,10800,0.384,75,0,home_improvement,0
L00427,676,57900,38900,0.616,80,0,vehicle,0
L00428,728,100600,63000,0.291,80,0,debt_consolidation,1
L00429,840,62800,31600,0.274,43,0,debt_consolidation,0
L00430,631,29900,9700,0.339,0,0,debt_consolidation,0
L00431,708,29100,14700,0.312,64,0,other,1
L00432,669,31400,19800,0.463,6,0,debt_consolidation,1
L00433,639,45900,20100,0.3,17,1,vehicle,1
L00434,724,54600,23800,0.18,65,0,other,0
L00435,761,85300,13700,0.242,53,0,home_improvement,0
L00436,734,96800,18900,0.319,79,1,other,0
L00437,760,93600,29400,0.122,91,1,home_improvement,1
L00438,696,36400,14300,0.565,71,0,debt_consolidation,0
L00439,742,55400,30800,0.398,78,0,medical,0
L00440,653,48500,15300,0.269,29,0,other,0
L00441,707,32200,17400,0.26,112,0,medical,0
L00442,840,44300,23700,0.324,28,0,debt_consolidation,0
L00443,715,22600,13100,0.581,0,0,medical,1
L00444,833,51800,10600,0.338,92,0,debt_consolidation,0
L00445,743,60000,10000,0.32,50,0,vehicle,0
L00446,647,38500,10100,0.376,34,0,debt_consolidation,1
L00447,703,52300,24500,0.348,29,0,home_improvement,0
L00448,624,59900,30000,0.381,77,0,debt_consolidation,0
L00449,727,65400,44400,0.569,77,0,debt_consolidation,0
L00450,687,48900,16100,0.416,0,0,home_improvement,1
L00451,665,56400,24900,0.097,19,0,medical,0
L00452,550,48000,18900,0.343,16,0,debt_consolidation,0
L00453,727,103400,75400,0.322,64,0,medical,1
L00454,722,75300,16700,0.394,86,0,vehicle,0
L00455,673,32400,10000,0.206,67,0,other,0
L00456,704,56600,31400,0.02,108,0,home_improvement,0
L00457,698,20900,4900,0.214,23,0,medical,0
L00458,786,45900,11700,0.658,120,0,home_improvement,0
L00459,772,34700,15100,0.331,21,0,home_improvement,0
L00460,605,60800,17200,0.281,96,0,medical,0
L00461,659,62900,23000,0.388,45,0,vehicle,1
L00462,646,46300,14900,0.193,94,0,home_improvement,0
L00463,618,29100,5300,0.429,0,1,home_improvement,1
L00464,678,72100,38000,0.25,23,0,medical,0
L00465,560,28300,5700,0.309,80,0,vehicle,0
L00466,709,46400,33900,0.392,14,0,debt_consolidation,0
L00467,701,77800,40200,0.212,63,0,other,0
L00468,703,70800,34000,0.335,103,0,medical,0
L00469,698,82500,45000,0.279,4,0,home_improvement,1
L00470,633,73500,26100,0.668,55,0,home_improvement,0
L00471,714,40000,15100,0.283,52,0,vehicle,0
L00472,700,26300,4700,0.303,30,0,home_improvement,0
L00473,646,49800,34600,0.115,44,1,other,1
L00474,624,39100,15200,0.337,2,0,other,0
L00475,840,53600,21800,0.289,153,0,home_improvement,0
L00476,757,71600,51400,0.184,0,0,debt_consolidation,0
L00477,698,44400,24900,0.366,84,0,debt_consolidation,0
L00478,786,31800,22100,0.216,0,0,debt_consolidation,1
L00479,669,34800,18600,0.476,22,0,medical,0
L00480,633,72300,37300,0.41,0,1,vehicle,1
L00481,799,39900,6600,0.503,51,0,medical,0
L00482,694,31200,22400,0.394,80,0,home_improvement,0
L00483,782,68600,20300,0.389,31,0,other,0
L00484,700,42000,22000,0.463,87,1,other,0
L00485,693,43300,22100,0.056,25,1,vehicle,0
L00486,643,46500,23100,0.282,39,0,vehicle,0
L00487,706,98200,66600,0.337,67,0,other,0
L00488,706,45900,32900,0.235,82,0,medical,0
L00489,742,69000,26800,0.357,0,0,home_improvement,0
L00490,641,60300,28800,0.301,64,0,medical,1
L00491,635,121400,48300,0.271,0,0,debt_consolidation,0
L00492,676,70700,10900,0.377,27,0,vehicle,1
L00493,648,87700,27300,0.506,67,0,other,0
L00494,702,29400,5100,0.314,24,2,home_improvement,1
L00495,634,40200,29900,0.166,20,0,other,1
L00496,635,82100,30900,0.066,73,1,home_improvement,1
L00497,756,72400,27500,0.243,58,0,debt_consolidation,0
L00498,612,40800,28000,0.631,58,0,medical,1
L00499,665,61600,41500,0.172,91,0,debt_consolidation,0
L00500,817,34700,21500,0.307,65,0,vehicle,0
L00501,571,61200,28700,0.332,18,0,debt_consolidation,0
L00502,776,38500,12600,0.31,10,0,debt_consolidation,0
L00503,766,48800,25000,0.406,123,0,vehicle,0
L00504,693,77900,55600,0.293,126,0,medical,0
L00505,722,45200,24200,0.331,57,0,debt_consolidation,0
L00506,510,52200,22100,0.509,52,0,other,0
L00507,662,68400,33800,0.506,33,0,medical,1
L00508,607,52200,32600,0.451,149,1,medical,1
L00509,780,29400,8100,0.333,74,0,home_improvement,0
L00510,704,37200,7200,0.252,0,0,vehicle,0
L00511,711,57200,40700,0.329,21,0,vehicle,0
L00512,724,30700,21400,0.41,65,0,other,0
L00513,610,45400,21400,0.442,60,2,other,1
L00514,771,33900,14800,0.62,42,0,vehicle,1
L00515,772,97100,69500,0.477,0,0,vehicle,0
L00516,706,49800,18800,0.3,67,0,other,0
L00517,764,85200,25100,0.289,117,0,other,0
L00518,667,52200,28000,0.467,80,0,debt_consolidation,0
L00519,790,38400,22400,0.339,38,0,debt_consolidation,0
L00520,793,41000,10800,0.37,29,0,vehicle,1
L00521,643,44300,18800,0.412,99,0,debt_consolidation,1
L00522,619,40500,19400,0.282,58,0,vehicle,0
L00523,675,60000,23900,0.192,0,0,home_improvement,0
L00524,643,37000,22400,0.154,69,0,medical,0
L00525,642,48700,22100,0.533,42,0,vehicle,0
L00526,598,46300,28900,0.42,29,1,other,1
L00527,644,23900,5600,0.37,0,0,other,0
L00528,598,61700,29100,0.458,0,0,medical,0
L00529,626,50400,10200,0.473,67,0,debt_consolidation,0
L00530,702,87000,23300,0.341,86,0,vehicle,0
L00531,667,104100,67200,0.381,46,0,home_improvement,1
L00532,738,62900,17800,0.388,24,1,medical,0
L00533,588,66400,49700,0.417,132,0,vehicle,0
L00534,770,79900,54000,0.61,66,1,medical,0
L00535,658,52200,28700,0.159,72,1,vehicle,0
L00536,642,53700,25500,0.348,100,0,medical,0
L00537,611,49400,7900,0.188,60,0,medical,1
L00538,688,103400,20200,0.389,0,0,medical,0
L00539,792,68000,19400,0.196,82,0,vehicle,0
L00540,706,96300,63900,0.453,33,0,debt_consolidation,0
L00541,738,90300,66900,0.383,75,0,home_improvement,1
L00542,695,38100,12300,0.414,43,0,debt_consolidation,0
L00543,633,42600,7900,0.445,123,0,vehicle,0
L00544,764,71700,17000,0.05,42,0,home_improvement,0
L00545,677,46200,31400,0.311,40,0,medical,1
L00546,709,38300,10300,0.419,106,1,home_improvement,1
L00547,697,61900,40200,0.47,76,0,other,0
L00548,639,57700,39500,0.408,0,0,home_improvement,0
L00549,672,38400,27500,0.069,60,0,home_improvement,1
L00550,710,28300,12900,0.268,83,0,home_improvement,0
L00551,716,59500,17700,0.426,14,0,other,0
L00552,655,82900,57100,0.178,85,0,other,0
L00553,840,42000,14100,0.316,7,0,home_improvement,0
L00554,760,67100,34400,0.263,10,0,vehicle,0
L00555,642,18700,6700,0.107,63,0,home_improvement,0
L00556,670,39300,22200,0.483,49,0,other,0
L00557,772,67400,14300,0.02,0,0,medical,0
L00558,628,70400,29300,0.519,42,0,debt_consolidation,0
L00559,833,49300,18800,0.405,25,0,other,0
L00560,711,41100,23600,0.409,92,0,other,0
L00561,744,79800,46400,0.079,79,0,vehicle,0
L00562,690,31200,14300,0.56,78,1,vehicle,0
L00563,811,45500,22500,0.253,96,0,debt_consolidation,0
L00564,725,86300,62000,0.337,65,1,home_improvement,0
L00565,637,69600,37700,0.389,39,0,debt_consolidation,1
L00566,755,33200,6200,0.101,21,1,medical,0
L00567,759,54500,21300,0.436,98,0,medical,0
L00568,723,48500,23900,0.452,113,0,other,0
L00569,634,28900,19300,0.274,4,0,medical,0
L00570,677,31900,10500,0.233,37,0,vehicle,0
L00571,607,53200,13200,0.588,47,0,home_improvement,1
L00572,499,28300,12500,0.406,76,0,other,0
L00573,768,51800,34300,0.29,66,0,medical,0
L00574,760,104400,68700,0.336,61,1,vehicle,0
L00575,725,35700,7500,0.223,70,0,debt_consolidation,0
L00576,572,82700,35900,0.261,71,0,home_improvement,0
L00577,704,43400,15800,0.102,38,0,home_improvement,1
L00578,615,14600,8900,0.432,70,0,other,0
L00579,551,72700,37700,0.248,15,0,debt_consolidation,1
L00580,583,69100,48100,0.648,88,1,debt_consolidation,1
L00581,627,56300,39100,0.324,83,0,vehicle,0
L00582,625,45300,22700,0.251,53,0,home_improvement,1
L00583,641,40200,18900,0.473,94,0,other,0
L00584,707,52400,33300,0.269,0,0,medical,1
L00585,635,101200,35100,0.34,19,0,home_improvement,0
L00586,560,72900,26800,0.1,86,0,debt_consolidation,0
L00587,762,43400,11900,0.249,50,2,vehicle,0
L00588,617,93600,43400,0.265,67,0,other,0
L00589,668,27700,8000,0.363,0,0,debt_consolidation,1
L00590,736,107200,40000,0.048,99,0,home_improvement,0
L00591,630,51000,19000,0.326,55,0,other,0
L00592,650,19000,8600,0.334,76,0,medical,1
L00593,596,20600,4100,0.104,118,0,vehicle,0
L00594,616,33400,8500,0.337,45,0,medical,0
L00595,677,56600,9900,0.441,139,0,other,0
L00596,716,125200,52800,0.255,109,0,medical,0
L00597,721,43300,16800,0.342,86,0,other,0
L00598,699,34800,19400,0.304,5,0,medical,0
L00599,775,34500,17200,0.372,0,2,other,1
L00600,757,33400,6800,0.473,110,0,debt_consolidation,0
L00601,615,49300,12200,0.408,21,0,home_improvement,1
L00602,649,50800,34200,0.554,34,1,vehicle,1
L00603,778,48000,31800,0.465,51,2,medical,1
L00604,792,42900,31300,0.243,35,0,medical,0
L00605,590,79200,25700,0.175,34,0,home_improvement,0
L00606,631,55200,18300,0.259,99,0,medical,0
L00607,729,29300,11600,0.386,89,0,medical,0
L00608,618,40100,23500,0.414,13,0,home_improvement,0
L00609,643,30300,9600,0.346,76,0,other,0
L00610,766,44000,21600,0.409,33,0,other,0
L00611,598,69600,43300,0.196,43,0,debt_consolidation,0
L00612,706,33500,16500,0.251,149,0,debt_consolidation,0
L00613,737,26900,12100,0.139,80,0,home_improvement,0
L00614,782,31100,22500,0.171,14,2,home_improvement,1
L00615,777,37900,20500,0.235,31,0,other,0
L00616,726,43700,13100,0.284,111,0,medical,0
L00617,609,81100,27000,0.298,68,1,vehicle,0
L00618,748,90500,55100,0.555,95,0,debt_consolidation,0
L00619,671,75300,30700,0.156,0,0,debt_consolidation,1
L00620,631,81400,19400,0.267,0,0,vehicle,1
L00621,683,75100,52700,0.188,22,0,home_improvement,1
L00622,745,53300,38200,0.392,22,0,debt_consolidation,0
L00623,748,46800,16400,0.18,58,0,medical,0
L00624,565,39400,28100,0.681,121,0,medical,1
L00625,840,64700,43600,0.413,0,1,vehicle,0
L00626,703,106600,59900,0.173,71,0,home_improvement,0
L00627,778,26100,7300,0.302,47,0,medical,0
L00628,757,46100,12900,0.722,83,0,vehicle,1
L00629,799,51700,21300,0.349,94,0,vehicle,0
L00630,634,44000,17600,0.35,61,1,other,0
L00631,727,99200,34600,0.353,78,0,medical,0
L00632,631,33200,8200,0.504,100,0,home_improvement,0
L00633,729,55500,26800,0.142,0,0,other,0
L00634,785,24100,13800,0.412,75,1,other,0
L00635,709,50600,33700,0.382,65,0,vehicle,0
L00636,591,29000,5100,0.352,115,0,debt_consolidation,0
L00637,796,79200,33300,0.368,0,0,vehicle,0
L00638,650,32700,17600,0.579,32,0,medical,0
L00639,734,49500,15200,0.338,72,0,other,0
L00640,764,43300,13000,0.352,102,0,medical,0
L00641,635,66900,17400,0.315,0,0,other,0
L00642,772,107000,58800,0.231,30,0,other,1
L00643,741,69800,20300,0.199,2,1,other,0
L00644,763,69200,30300,0.533,77,0,home_improvement,0
L00645,676,41700,24500,0.252,38,0,debt_consolidation,0
L00646,645,40700,24100,0.628,75,1,other,0
L00647,790,56400,10600,0.321,81,0,debt_consolidation,0
L00648,623,58100,36200,0.213,62,0,vehicle,0
L00649,794,58000,23100,0.482,26,0,other,0
L00650,584,59700,29600,0.335,0,0,medical,0
L00651,640,30900,6400,0.303,96,0,medical,0
L00652,666,42300,8500,0.404,78,2,vehicle,0
L00653,779,55400,38200,0.304,65,0,vehicle,0
L00654,705,35400,18900,0.612,98,0,vehicle,0
L00655,673,135800,86900,0.723,50,0,medical,0
L00656,776,59300,13300,0.469,68,0,home_improvement,0
L00657,800,40400,22200,0.204,65,0,other,0
L00658,653,84000,54700,0.251,0,2,home_improvement,1
L00659,829,30700,9400,0.651,59,1,debt_consolidation,0
L00660,643,120200,48700,0.167,46,1,home_improvement,0
L00661,742,37100,23900,0.392,48,2,vehicle,0
L00662,667,28800,16900,0.5,83,0,home_improvement,0
L00663,671,22800,9400,0.45,0,0,vehicle,1
L00664,608,62200,28500,0.084,71,0,vehicle,0
L00665,694,184300,49200,0.699,112,0,vehicle,0
L00666,686,39000,18700,0.404,48,0,debt_consolidation,0
L00667,617,73700,42200,0.37,124,0,debt_consolidation,0
L00668,741,81700,26100,0.528,38,0,other,0
L00669,754,101200,38200,0.156,29,1,medical,0
L00670,772,41200,19900,0.337,0,0,vehicle,0
L00671,610,61200,31500,0.293,121,0,medical,0
L00672,701,153300,25300,0.397,87,0,other,1
L00673,591,79100,57400,0.236,105,0,medical,0
L00674,702,29300,20500,0.317,2,0,debt_consolidation,0
L00675,641,32100,11500,0.235,20,0,home_improvement,0
L00676,782,44300,26100,0.404,73,2,other,0
L00677,657,36300,26700,0.322,58,2,other,0
L00678,695,25500,6500,0.325,82,0,medical,0
L00679,687,38200,20900,0.415,46,0,medical,0
L00680,624,60000,40700,0.289,0,0,other,1
L00681,798,74000,50000,0.266,20,0,other,0
L00682,651,19500,9100,0.107,28,0,medical,0
L00683,587,40000,12000,0.262,49,0,home_improvement,0
L00684,642,63900,38800,0.342,79,0,medical,0
L00685,798,45100,6900,0.454,54,0,debt_consolidation,0
L00686,682,32900,22200,0.238,73,0,home_improvement,0
L00687,690,92500,43200,0.308,110,0,medical,0
L00688,646,55500,22400,0.281,163,0,home_improvement,0
L00689,664,95300,16200,0.625,39,0,debt_consolidation,0
L00690,840,45600,19900,0.313,107,1,home_improvement,0
L00691,529,17600,3100,0.251,16,0,other,1
L00692,695,41800,29500,0.25,54,0,other,0
L00693,600,42100,16800,0.408,23,0,medical,0
L00694,728,42800,6700,0.443,33,0,debt_consolidation,0
L00695,656,54400,12000,0.405,16,0,medical,0
L00696,591,70600,24200,0.416,63,0,debt_consolidation,1
L00697,747,49200,18900,0.209,0,0,medical,0
L00698,677,28700,5100,0.403,122,0,medical,0
L00699,622,44400,25800,0.453,25,1,other,0
L00700,674,25600,4800,0.305,48,0,vehicle,0
L00701,707,28000,18300,0.336,90,2,debt_consolidation,0
L00702,720,48800,26600,0.3,52,0,medical,0
L00703,636,62200,25500,0.328,1,0,other,0
L00704,619,57000,41500,0.419,145,0,vehicle,0
L00705,689,67400,32800,0.207,12,0,home_improvement,0
L00706,706,40900,20100,0.582,21,0,home_improvement,0
L00707,684,81500,35200,0.476,119,0,medical,0
L00708,645,53600,9600,0.279,1,0,home_improvement,1
L00709,751,72700,16900,0.309,30,0,debt_consolidation,0
L00710,631,56400,25700,0.34,45,0,medical,1
L00711,702,51900,28100,0.3,92,0,vehicle,0
L00712,700,53300,24800,0.158,98,0,vehicle,0
L00713,728,52000,13300,0.324,132,0,debt_consolidation,0
L00714,809,47600,19500,0.396,52,2,medical,0
L00715,827,69200,49800,0.385,19,0,other,0
L00716,810,46300,30200,0.353,54,0,debt_consolidation,1
L00717,792,37600,20700,0.309,65,0,debt_consolidation,0
L00718,734,49800,31800,0.584,26,0,debt_consolidation,0
L00719,661,37200,6600,0.259,5,0,home_improvement,0
L00720,680,60600,15800,0.224,48,0,vehicle,0
L00721,716,33500,20900,0.432,59,0,vehicle,0
L00722,748,56800,21200,0.437,101,0,vehicle,0
L00723,623,93100,46300,0.326,92,0,other,0
L00724,649,102300,75800,0.307,68,0,other,0
L00725,623,54500,30000,0.228,59,0,debt_consolidation,0
L00726,787,29200,10600,0.437,16,0,medical,0
L00727,711,56200,15100,0.332,100,1,debt_consolidation,0
L00728,775,66700,34100,0.35,54,0,debt_consolidation,0
L00729,741,36300,26100,0.378,122,1,vehicle,0
L00730,748,92200,40100,0.541,57,0,debt_consolidation,0
L00731,708,118000,70000,0.345,0,0,vehicle,0
L00732,709,60300,37200,0.436,116,0,debt_consolidation,0
L00733,761,93100,69800,0.345,30,0,debt_consolidation,0
L00734,757,126000,61200,0.329,41,0,medical,0
L00735,619,59600,28400,0.284,145,1,home_improvement,0
L00736,782,39700,23400,0.44,42,0,home_improvement,0
L00737,622,65900,33800,0.511,36,0,medical,0
L00738,683,59600,34000,0.466,51,0,vehicle,0
L00739,614,66800,42600,0.378,0,0,other,0
L00740,789,43100,17400,0.347,112,0,other,0
L00741,607,32100,22700,0.302,13,1,other,0
L00742,751,46200,32200,0.345,64,0,other,0
L00743,617,88100,28800,0.487,107,2,debt_consolidation,0
L00744,683,44300,28500,0.435,31,0,medical,1
L00745,692,23600,17000,0.426,65,0,other,0
L00746,690,31500,12600,0.343,29,1,vehicle,0
L00747,747,38200,13600,0.162,52,0,home_improvement,0
L00748,714,48000,23800,0.296,51,0,debt_consolidation,0
L00749,651,75400,51100,0.496,0,0,debt_consolidation,0
L00750,649,45200,32800,0.284,50,0,debt_consolidation,0
L00751,715,46500,11600,0.31,112,0,medical,0
L00752,785,78600,57100,0.38,76,0,home_improvement,0
L00753,616,36200,23700,0.294,38,0,vehicle,0
L00754,776,68300,35500,0.217,106,0,vehicle,0
L00755,741,54000,16500,0.567,100,0,other,0
L00756,840,66900,49400,0.251,98,0,debt_consolidation,0
L00757,696,90200,28000,0.424,116,0,medical,0
L00758,656,53300,29900,0.5,0,0,other,1
L00759,719,48500,29400,0.407,82,0,debt_consolidation,0
L00760,694,31200,9400,0.02,77,1,home_improvement,0
L00761,645,70400,49800,0.29,0,0,debt_consolidation,1
L00762,708,37400,21600,0.413,52,0,other,0
L00763,681,82100,17400,0.442,56,0,debt_consolidation,0
L00764,762,50000,20200,0.198,63,2,home_improvement,0
L00765,716,76700,13400,0.311,114,0,other,0
L00766,701,60100,42700,0.262,60,1,other,0
L00767,700,74700,29500,0.416,92,0,medical,0
L00768,740,71600,17900,0.419,0,0,home_improvement,0
L00769,722,48200,35600,0.599,42,0,medical,1
L00770,601,47500,10300,0.379,0,0,vehicle,1
L00771,747,70100,43400,0.342,126,0,vehicle,0
L00772,637,53400,8600,0.214,15,0,medical,1
L00773,840,45400,18800,0.355,55,0,medical,0
L00774,591,40800,7500,0.233,100,1,debt_consolidation,0
L00775,778,39500,8900,0.392,53,1,vehicle,0
L00776,660,76000,17000,0.128,0,0,other,1
L00777,642,46200,30000,0.319,20,0,other,0
L00778,717,49000,34800,0.232,66,0,vehicle,1
L00779,749,38500,18000,0.432,22,0,vehicle,0
L00780,642,37900,14100,0.213,0,1,debt_consolidation,1
L00781,721,102300,59800,0.273,0,0,debt_consolidation,0
L00782,719,33400,22200,0.586,65,0,medical,0
L00783,633,94300,63100,0.499,80,0,medical,0
L00784,661,59300,43900,0.457,93,0,home_improvement,0
L00785,774,34000,17300,0.275,41,0,vehicle,0
L00786,817,70600,15500,0.156,43,0,home_improvement,0
L00787,669,44000,22000,0.429,65,0,home_improvement,0
L00788,692,82100,27900,0.218,62,0,other,0
L00789,676,26300,7600,0.245,109,2,other,0
L00790,663,36700,12800,0.35,65,0,debt_consolidation,0
L00791,617,41000,19800,0.371,96,0,medical,0
L00792,730,39500,21100,0.429,0,1,debt_consolidation,0
L00793,713,79200,15100,0.153,44,0,vehicle,1
L00794,693,135300,46500,0.472,58,0,home_improvement,0
L00795,705,49800,28200,0.068,20,0,vehicle,0
L00796,604,25400,7300,0.233,42,0,vehicle,0
L00797,600,78200,22900,0.256,1,0,debt_consolidation,1
L00798,604,28500,17200,0.34,22,0,home_improvement,1
L00799,745,81200,19700,0.199,3,1,home_improvement,0
L00800,744,39400,27200,0.208,50,0,other,0
L00801,692,42300,10200,0.248,70,0,vehicle,0
L00802,510,34800,23200,0.382,58,0,vehicle,1
L00803,666,45900,18300,0.122,75,0,vehicle,0
L00804,649,36900,19000,0.625,62,0,home_improvement,0
L00805,763,40300,10500,0.242,141,0,other,0
L00806,738,53100,22900,0.472,6,1,other,0
L00807,612,91900,14200,0.334,85,0,vehicle,0
L00808,651,25400,6100,0.147,155,0,other,0
L00809,635,65100,11300,0.144,77,0,vehicle,0
L00810,840,75900,50700,0.248,78,0,home_improvement,0
L00811,622,54800,11400,0.613,99,0,home_improvement,1
L00812,787,60300,44400,0.329,57,0,home_improvement,0
L00813,688,29100,20600,0.177,90,0,debt_consolidation,0
L00814,631,78700,58700,0.474,131,0,other,0
L00815,840,61200,14100,0.233,58,0,home_improvement,0
L00816,750,80200,36800,0.517,43,0,debt_consolidation,0
L00817,664,48400,15900,0.358,47,0,vehicle,0
L00818,777,25600,14400,0.08,0,0,vehicle,0
L00819,698,45900,27100,0.251,139,0,home_improvement,0
L00820,762,41900,21100,0.55,35,0,debt_consolidation,0
L00821,639,84900,50900,0.383,46,0,debt_consolidation,0
L00822,719,27400,9800,0.286,91,0,vehicle,0
L00823,693,36100,14500,0.35,55,0,other,0
L00824,697,55400,32500,0.339,59,0,debt_consolidation,0
L00825,666,47000,13200,0.459,78,0,vehicle,0
L00826,840,33500,9600,0.365,102,0,home_improvement,0
L00827,739,96800,52700,0.343,19,0,debt_consolidation,0
L00828,741,81500,45200,0.252,64,0,medical,0
L00829,792,44100,23500,0.17,35,0,medical,0
L00830,651,62600,31800,0.208,115,0,debt_consolidation,0
L00831,732,18900,12000,0.224,50,0,vehicle,0
L00832,687,49000,25800,0.25,77,0,medical,0
L00833,548,69200,15800,0.15,91,0,home_improvement,1
L00834,741,32200,22200,0.439,105,0,other,0
L00835,710,40500,18200,0.221,48,1,medical,1
L00836,666,88100,21000,0.441,49,0,medical,1
L00837,727,47800,16100,0.545,8,0,other,1
L00838,740,23100,7400,0.234,66,0,home_improvement,0
L00839,772,47700,7900,0.254,28,0,other,0
L00840,730,53900,27600,0.235,28,0,medical,0
L00841,586,36900,24600,0.557,121,0,medical,0
L00842,822,29800,4600,0.385,20,0,debt_consolidation,0
L00843,675,60700,44600,0.354,7,0,debt_consolidation,0
L00844,654,39900,11700,0.223,55,0,vehicle,0
L00845,797,43100,7900,0.435,76,0,medical,0
L00846,675,47300,17600,0.245,57,0,home_improvement,0
L00847,644,67800,23900,0.02,13,0,vehicle,0
L00848,639,39900,16500,0.407,87,0,vehicle,0
L00849,722,172200,62900,0.358,31,0,vehicle,0
L00850,798,36700,26900,0.31,64,0,home_improvement,0
L00851,686,46600,24100,0.324,111,0,home_improvement,0
L00852,693,38000,11000,0.338,98,0,medical,0
L00853,721,42900,20300,0.611,60,1,vehicle,0
L00854,666,62700,35300,0.629,59,1,home_improvement,1
L00855,670,18100,6500,0.305,143,0,debt_consolidation,0
L00856,633,28900,19800,0.408,54,0,home_improvement,0
L00857,675,96100,24000,0.31,48,1,medical,0
L00858,706,41100,20000,0.264,30,0,medical,0
L00859,705,32800,19000,0.343,43,0,medical,0
L00860,718,56800,20700,0.318,0,1,other,0
L00861,794,44900,15100,0.321,0,0,debt_consolidation,0
L00862,726,64800,42400,0.289,102,1,debt_consolidation,0
L00863,554,47100,13900,0.35,38,0,medical,1
L00864,655,48900,19000,0.201,53,0,medical,0
L00865,671,80700,52700,0.378,78,0,other,0
L00866,613,44300,12800,0.235,9,0,medical,0
L00867,797,21400,11900,0.456,93,0,home_improvement,0
L00868,775,109100,22400,0.432,91,0,home_improvement,0
L00869,724,61500,23800,0.25,35,0,vehicle,0
L00870,725,31200,16100,0.358,82,0,debt_consolidation,0
L00871,717,55500,22600,0.411,39,0,vehicle,0
L00872,730,87200,51900,0.57,29,0,medical,1
L00873,723,55400,18600,0.241,26,0,vehicle,0
L00874,711,58600,13700,0.193,3,0,medical,0
L00875,804,70600,22900,0.041,61,0,medical,0
L00876,626,32800,23300,0.454,40,0,medical,1
L00877,560,96900,31800,0.41,41,0,other,0
L00878,606,43200,21600,0.271,56,0,home_improvement,1
L00879,737,83000,53900,0.5,0,0,medical,0
L00880,704,101400,17200,0.246,101,0,debt_consolidation,0
L00881,580,56600,38400,0.601,15,0,debt_consolidation,1
L00882,711,48900,9500,0.312,66,2,other,0
L00883,751,63400,12700,0.263,62,0,other,0
L00884,746,80700,19800,0.42,50,1,vehicle,1
L00885,509,74900,23800,0.463,0,0,other,1
L00886,743,64000,40000,0.395,22,0,medical,0
L00887,623,85100,23000,0.415,86,0,other,0
L00888,598,79200,59000,0.199,26,0,vehicle,0
L00889,721,32800,8300,0.216,35,0,debt_consolidation,0
L00890,761,22900,9800,0.309,44,0,other,0
L00891,616,48800,34000,0.395,67,0,home_improvement,1
L00892,716,80200,31000,0.287,36,0,home_improvement,0
L00893,572,52300,24400,0.25,0,0,vehicle,0
L00894,779,61500,43900,0.36,65,0,other,0
L00895,668,38600,12500,0.085,29,0,medical,0
L00896,678,56700,41800,0.093,126,0,vehicle,0
L00897,634,54900,22000,0.345,34,1,debt_consolidation,1
L00898,786,34300,14600,0.322,75,0,medical,0
L00899,718,49200,29400,0.415,7,0,medical,0
L00900,685,64100,26800,0.246,129,0,medical,0
L00901,631,43400,22600,0.27,10,0,medical,0
L00902,747,41400,18500,0.241,112,0,vehicle,0
L00903,711,28300,6700,0.475,0,2,medical,1
L00904,770,30600,10500,0.408,4,0,other,1
L00905,484,52200,29000,0.383,25,0,other,1
L00906,683,43600,12600,0.289,64,1,vehicle,0
L00907,601,59300,34200,0.488,98,0,medical,0
L00908,731,30100,21800,0.301,48,0,medical,0
L00909,615,62500,28100,0.582,21,1,vehicle,0
L00910,655,57900,15100,0.439,76,0,debt_consolidation,0
L00911,626,52900,10000,0.439,77,2,debt_consolidation,1
L00912,768,24700,5800,0.397,19,1,home_improvement,0
L00913,630,132600,48900,0.182,21,0,home_improvement,1
L00914,531,52900,12000,0.273,25,0,debt_consolidation,1
L00915,739,70800,21400,0.255,61,1,other,0
L00916,693,66300,43900,0.345,9,0,medical,0
L00917,563,27000,12300,0.269,0,0,vehicle,1
L00918,655,67400,36800,0.437,38,1,home_improvement,0
L00919,678,24800,10300,0.36,57,0,vehicle,0
L00920,630,38400,19500,0.283,0,2,other,1
L00921,699,90000,51300,0.396,51,0,home_improvement,0
L00922,773,21400,15900,0.263,109,0,home_improvement,0
L00923,747,35700,21700,0.406,22,0,home_improvement,0
L00924,680,20200,14300,0.477,57,0,vehicle,1
L00925,593,51900,31000,0.325,42,2,medical,0
L00926,654,146400,82900,0.147,85,0,debt_consolidation,0
L00927,694,31100,11600,0.375,60,0,home_improvement,0
L00928,562,36500,7600,0.423,13,0,other,0
L00929,725,50900,8600,0.246,60,1,vehicle,1
L00930,572,61900,35100,0.406,95,0,medical,0
L00931,745,33300,5200,0.106,36,0,debt_consolidation,0
L00932,639,38200,17900,0.437,50,2,vehicle,0
L00933,732,37500,18000,0.321,80,0,debt_consolidation,0
L00934,690,39000,12400,0.394,59,0,home_improvement,0
L00935,734,55200,13100,0.437,28,0,vehicle,1
L00936,839,49500,11800,0.321,60,0,other,0
L00937,719,41700,30700,0.397,18,0,other,0
L00938,764,39600,26900,0.396,23,0,vehicle,0
L00939,605,33100,16200,0.247,90,0,home_improvement,0
L00940,696,54500,32300,0.306,60,2,other,1
L00941,748,148200,108200,0.435,91,1,debt_consolidation,0
L00942,742,38700,5900,0.326,48,0,vehicle,0
L00943,615,53700,37600,0.531,68,0,home_improvement,1
L00944,694,52200,10700,0.245,73,1,other,0
L00945,694,28200,14700,0.444,104,0,home_improvement,1
L00946,656,99300,17600,0.122,58,0,medical,0
L00947,836,26500,4300,0.388,85,0,home_improvement,0
L00948,716,37100,16300,0.423,73,0,medical,0
L00949,706,34600,12200,0.352,3,0,vehicle,0
L00950,672,38300,20500,0.153,73,0,medical,1
L00951,734,71900,46400,0.451,103,0,other,0
L00952,647,83400,28200,0.244,43,1,other,1
L00953,643,42400,15700,0.302,61,0,other,0
L00954,698,54700,31800,0.182,11,0,medical,0
L00955,629,53800,34200,0.409,5,0,medical,0
L00956,673,33200,24600,0.379,58,0,medical,0
L00957,825,69100,35900,0.134,73,0,medical,0
L00958,796,49300,25600,0.166,54,0,other,0
L00959,749,59000,11400,0.299,18,0,vehicle,0
L00960,775,102200,47200,0.102,18,0,debt_consolidation,0
L00961,717,44000,9400,0.338,71,0,debt_consolidation,0
L00962,681,77600,19300,0.373,9,1,home_improvement,1
L00963,737,33100,14700,0.252,136,0,debt_consolidation,0
L00964,717,77400,13700,0.304,98,0,medical,0
L00965,702,67700,17700,0.202,82,0,other,0
L00966,675,42900,14000,0.42,35,0,home_improvement,1
L00967,650,41500,13700,0.222,105,1,debt_consolidation,0
L00968,822,42000,15600,0.395,0,0,vehicle,0
L00969,721,42100,17300,0.174,28,2,debt_consolidation,1
L00970,675,91600,57600,0.453,43,2,vehicle,1
L00971,600,82200,44100,0.357,87,2,vehicle,1
L00972,668,57900,30700,0.255,0,0,other,0
L00973,744,39100,21400,0.142,107,0,other,0
L00974,691,60500,40100,0.561,31,0,other,0
L00975,698,45400,31800,0.195,122,1,other,0
L00976,718,41200,25800,0.6,56,0,debt_consolidation,1
L00977,766,50900,36600,0.217,105,0,vehicle,0
L00978,673,29800,8500,0.2,106,0,vehicle,0
L00979,648,54600,17900,0.449,7,0,debt_consolidation,0
L00980,799,69300,18700,0.265,24,0,vehicle,0
L00981,757,31900,22700,0.347,63,0,vehicle,0
L00982,710,72900,50500,0.28,0,2,vehicle,1
L00983,772,32700,19700,0.297,5,0,other,0
L00984,737,81200,42200,0.318,79,0,other,0
L00985,592,71100,36400,0.422,36,1,vehicle,0
L00986,633,57400,10500,0.267,20,0,home_improvement,0
L00987,763,25700,9000,0.337,96,1,debt_consolidation,0
L00988,793,26900,9500,0.345,40,1,debt_consolidation,0
L00989,672,89700,65400,0.246,98,0,vehicle,0
L00990,760,82000,35100,0.527,113,0,vehicle,0
L00991,806,47400,16200,0.557,0,1,medical,0
L00992,653,64800,44500,0.286,75,1,debt_consolidation,0
L00993,760,58900,40300,0.104,38,0,debt_consolidation,0
L00994,679,56400,42000,0.512,32,0,other,0
L00995,619,28400,16200,0.151,49,0,home_improvement,0
L00996,627,28000,17900,0.186,7,1,other,0
L00997,645,53700,9100,0.447,82,0,medical,0
L00998,714,51700,22300,0.665,68,0,other,0
L00999,642,46100,32000,0.057,87,0,vehicle,0
L01000,663,52400,8100,0.2,88,1,other,0
L01001,634,27100,6500,0.27,75,0,vehicle,0
L01002,755,70200,18400,0.249,0,1,debt_consolidation,0
L01003,717,64500,20300,0.383,21,0,medical,1
L01004,740,50800,21400,0.396,0,0,home_improvement,0
L01005,806,87600,33400,0.218,61,0,vehicle,0
L01006,702,53300,16200,0.154,15,0,debt_consolidation,0
L01007,729,54300,29900,0.225,45,0,home_improvement,0
L01008,727,37000,22700,0.048,69,0,debt_consolidation,0
L01009,840,38700,6900,0.339,102,0,home_improvement,0
L01010,688,55700,13300,0.582,0,2,other,1
L01011,613,59800,19100,0.579,0,0,other,1
L01012,623,67200,50400,0.483,57,0,medical,0
L01013,682,36200,16800,0.336,99,0,home_improvement,0
L01014,639,34400,9200,0.133,55,0,debt_consolidation,1
L01015,721,72100,38600,0.524,72,0,other,0
L01016,588,93100,56600,0.387,12,1,vehicle,0
L01017,627,70100,52500,0.464,57,0,vehicle,0
L01018,613,38000,8100,0.369,17,0,vehicle,1
L01019,642,85200,24700,0.791,10,0,other,1
L01020,571,99700,17800,0.414,60,0,home_improvement,0
L01021,646,77500,57800,0.454,42,0,other,0
L01022,711,51400,15100,0.205,0,0,home_improvement,0
L01023,643,51000,33000,0.398,144,0,other,0
L01024,751,38100,27900,0.247,68,0,debt_consolidation,0
L01025,711,62500,13100,0.214,70,2,debt_consolidation,0
L01026,760,80600,57700,0.435,0,0,vehicle,0
L01027,709,61800,38300,0.251,90,0,other,0
L01028,684,48900,25800,0.527,122,0,medical,0
L01029,708,48900,27100,0.545,87,0,debt_consolidation,0
L01030,571,30200,10200,0.417,39,0,home_improvement,1
L01031,720,104300,28200,0.344,116,0,medical,0
L01032,778,43200,20900,0.095,0,2,debt_consolidation,0
L01033,713,89000,15700,0.211,0,0,vehicle,1
L01034,655,24600,14600,0.249,0,0,medical,0
L01035,840,49300,23900,0.256,45,0,debt_consolidation,0
L01036,835,56300,30900,0.414,30,0,medical,0
L01037,740,61900,18100,0.304,0,0,other,1
L01038,723,60900,37500,0.374,0,1,other,1
L01039,657,69900,36800,0.379,82,0,medical,0
L01040,656,54800,21300,0.415,70,0,medical,0
L01041,759,52900,33200,0.02,75,0,other,0
L01042,582,49300,21700,0.556,74,0,home_improvement,1
L01043,653,87300,25200,0.363,59,0,medical,1
L01044,765,49400,20900,0.219,43,0,other,0
L01045,645,73400,33100,0.283,60,1,other,1
L01046,544,47200,28500,0.227,0,0,medical,1
L01047,812,45100,24400,0.209,59,1,debt_consolidation,0
L01048,522,83100,60600,0.324,74,0,debt_consolidation,1
L01049,666,14900,3400,0.506,26,0,other,0
L01050,739,52000,33400,0.587,78,0,debt_consolidation,0
L01051,665,14300,6200,0.431,47,2,debt_consolidation,1
L01052,806,56800,22800,0.635,49,0,medical,0
L01053,669,52200,22100,0.452,0,0,other,0
L01054,596,25200,14500,0.431,0,0,other,0
L01055,564,57600,26400,0.294,26,0,vehicle,0
L01056,610,68600,50100,0.371,0,0,home_improvement,1
L01057,640,46400,33300,0.387,0,1,other,1
L01058,677,23000,7100,0.332,44,0,vehicle,1
L01059,656,30000,21900,0.296,8,0,medical,0
L01060,626,55200,21300,0.266,9,0,vehicle,1
L01061,776,29500,6800,0.452,11,0,home_improvement,0
L01062,659,49200,24300,0.546,103,0,other,0
L01063,645,56900,33700,0.267,0,0,medical,0
L01064,717,82200,35600,0.314,111,0,vehicle,0
L01065,840,64000,23600,0.219,5,0,medical,0
L01066,660,97100,33900,0.231,74,0,vehicle,0
L01067,663,64900,24200,0.229,67,0,other,0
L01068,649,67100,15000,0.388,21,0,debt_consolidation,0
L01069,669,54200,33700,0.299,102,0,medical,0
L01070,796,31400,19100,0.353,108,0,home_improvement,0
L01071,574,27400,11600,0.131,91,0,medical,0
L01072,652,32000,4800,0.085,36,0,medical,0
L01073,655,84300,29900,0.299,0,0,debt_consolidation,1
L01074,715,35400,14800,0.359,30,0,vehicle,0
L01075,802,62300,24400,0.268,96,0,medical,0
L01076,684,89500,13900,0.536,8,1,vehicle,1
L01077,700,69100,29200,0.322,72,0,debt_consolidation,0
L01078,705,39200,10600,0.384,50,0,vehicle,1
L01079,704,78800,57500,0.38,64,0,home_improvement,0
L01080,637,144200,84300,0.235,48,0,medical,0
L01081,765,33600,14100,0.379,70,1,medical,1
L01082,634,32200,14200,0.178,50,1,other,0
L01083,735,78100,27600,0.136,19,0,home_improvement,0
L01084,604,41600,30700,0.407,143,0,home_improvement,0
L01085,753,43200,18600,0.27,0,1,medical,1
L01086,677,136300,101800,0.317,28,1,home_improvement,1
L01087,753,82100,28200,0.223,31,0,medical,0
L01088,757,83300,53700,0.472,64,0,debt_consolidation,0
L01089,697,64400,39400,0.024,71,0,medical,0
L01090,840,47100,25400,0.343,41,0,medical,0
L01091,658,60700,10900,0.203,88,0,medical,0
L01092,746,28600,19600,0.171,35,0,vehicle,0
L01093,649,32600,8100,0.205,86,0,other,0
L01094,790,68800,41000,0.132,146,0,other,0
L01095,780,81200,48800,0.585,69,0,debt_consolidation,0
L01096,718,64700,30800,0.456,23,2,debt_consolidation,0
L01097,757,24200,17700,0.304,81,0,other,0
L01098,686,48500,24700,0.546,0,0,debt_consolidation,0
L01099,607,80200,19500,0.095,34,0,debt_consolidation,0
L01100,648,58700,38700,0.261,17,0,other,1
L01101,731,43100,9600,0.431,80,0,other,0
L01102,650,54000,33100,0.377,31,0,medical,0
L01103,835,44800,28400,0.22,107,0,debt_consolidation,0
L01104,680,97700,50100,0.387,22,0,vehicle,0
L01105,655,37700,10800,0.453,99,0,other,0
L01106,702,40000,19700,0.384,54,0,other,0
L01107,606,79700,46400,0.449,34,0,vehicle,1
L01108,840,48200,11200,0.233,55,0,home_improvement,0
L01109,746,122100,68900,0.495,44,2,other,0
L01110,630,22400,6000,0.378,36,0,medical,1
L01111,647,51400,30500,0.147,45,0,medical,0
L01112,619,59000,19300,0.215,50,0,debt_consolidation,0
L01113,574,39500,25800,0.329,26,1,debt_consolidation,1
L01114,662,34000,21500,0.541,76,1,home_improvement,0
L01115,706,90700,20700,0.456,89,0,other,0
L01116,706,40700,29500,0.361,88,0,debt_consolidation,1
L01117,712,30600,17700,0.487,46,0,home_improvement,0
L01118,632,53100,20700,0.416,92,0,medical,0
L01119,767,68300,15300,0.213,25,0,medical,0
L01120,825,115000,18000,0.334,107,0,medical,0
L01121,724,48800,10400,0.409,40,0,home_improvement,0
L01122,585,36200,22200,0.321,72,0,home_improvement,1
L01123,840,42700,25900,0.304,83,0,vehicle,0
L01124,691,25400,8000,0.409,100,0,home_improvement,0
L01125,719,27700,5800,0.213,31,0,debt_consolidation,0
L01126,790,55700,36300,0.329,37,0,medical,0
L01127,770,129800,38100,0.17,86,2,home_improvement,0
L01128,755,58200,15500,0.225,40,0,medical,0
L01129,675,70600,20800,0.432,105,0,debt_consolidation,0
L01130,762,55900,28900,0.31,64,0,vehicle,0
L01131,730,31700,19200,0.236,11,0,vehicle,1
L01132,700,59900,22900,0.223,56,0,medical,0
L01133,734,65000,17900,0.169,103,0,medical,0
L01134,738,81800,13000,0.407,43,2,home_improvement,0
L01135,715,60100,21200,0.137,23,0,medical,0
L01136,723,76100,19700,0.214,20,0,other,0
L01137,640,78800,29200,0.252,62,0,medical,1
L01138,801,34500,23600,0.226,22,0,vehicle,0
L01139,754,46500,20800,0.325,56,0,debt_consolidation,0
L01140,709,31700,16200,0.488,76,0,debt_consolidation,0
L01141,553,57800,9200,0.327,62,0,vehicle,1
L01142,738,55800,27300,0.458,71,0,other,0
L01143,770,66600,19200,0.299,106,0,home_improvement,0
L01144,767,49200,15800,0.318,91,0,home_improvement,0
L01145,711,37400,7500,0.462,35,0,debt_consolidation,1
L01146,709,79000,41200,0.51,110,1,other,0
L01147,684,62100,29800,0.348,95,0,other,0
L01148,763,33300,21800,0.324,10,0,vehicle,1
L01149,621,90900,27700,0.125,0,0,home_improvement,0
L01150,548,112600,42900,0.473,0,0,vehicle,1
L01151,714,34800,23300,0.265,32,0,other,0
L01152,737,48200,7700,0.045,37,0,vehicle,0
L01153,788,50200,30200,0.427,0,0,vehicle,1
L01154,637,45100,31300,0.576,176,0,vehicle,0
L01155,634,37800,12200,0.202,13,0,vehicle,1
L01156,704,32500,5400,0.305,79,0,debt_consolidation,0
L01157,629,83200,44300,0.413,84,0,medical,0
L01158,652,36200,6600,0.535,33,0,medical,1
L01159,733,32900,23400,0.298,89,0,vehicle,0
L01160,685,21100,11900,0.437,128,0,home_improvement,0
L01161,772,54300,22800,0.403,148,0,home_improvement,0
L01162,618,75500,56400,0.431,5,2,home_improvement,1
L01163,619,24400,15000,0.414,67,0,home_improvement,1
L01164,660,55900,41000,0.261,32,0,debt_consolidation,0
L01165,689,48500,20900,0.27,59,0,other,1
L01166,703,124900,56900,0.301,20,0,vehicle,0
L01167,726,42000,12100,0.276,0,0,vehicle,0
L01168,690,36100,21900,0.357,6,0,vehicle,0
L01169,711,35400,6300,0.359,60,0,debt_consolidation,0
L01170,782,52400,28600,0.38,16,0,other,0
L01171,756,67100,49500,0.605,102,0,medical,0
L01172,671,50100,14700,0.293,85,0,other,0
L01173,701,35200,7200,0.65,0,0,vehicle,0
L01174,582,27300,9100,0.373,79,0,debt_consolidation,0
L01175,756,66900,48400,0.483,44,0,vehicle,0
L01176,683,105800,31600,0.157,15,0,vehicle,0
L01177,589,93800,55200,0.415,91,1,other,0
L01178,577,86200,56000,0.635,0,0,other,1
L01179,835,47900,14500,0.32,58,0,home_improvement,0
L01180,840,27400,14600,0.329,38,0,home_improvement,0
L01181,654,88400,60800,0.333,78,0,vehicle,0
L01182,706,72700,17200,0.295,27,0,other,0
L01183,578,52700,19800,0.285,0,1,debt_consolidation,1
L01184,710,30300,18000,0.342,64,2,debt_consolidation,0
L01185,679,45700,12000,0.166,54,0,debt_consolidation,0
L01186,622,61400,15600,0.3,51,0,medical,1
L01187,729,63300,44400,0.629,33,1,debt_consolidation,1
L01188,757,74800,31600,0.21,55,0,vehicle,0
L01189,743,44300,14600,0.418,37,0,home_improvement,0
L01190,732,53600,39100,0.293,0,0,medical,0
L01191,666,31500,16800,0.345,64,0,medical,0
L01192,686,83000,47600,0.407,33,0,debt_consolidation,1
L01193,639,29900,8000,0.372,24,0,home_improvement,0
L01194,690,55600,35000,0.341,0,1,other,1
L01195,680,70800,22900,0.471,57,0,vehicle,0
L01196,655,53000,12800,0.169,0,0,vehicle,0
L01197,694,48800,18900,0.087,73,0,vehicle,0
L01198,676,52400,24900,0.272,42,0,debt_consolidation,0
L01199,695,34300,15300,0.338,40,0,debt_consolidation,0
L01200,675,79800,33200,0.401,12,0,vehicle,1
L01201,685,27600,15300,0.178,83,0,debt_consolidation,0
L01202,752,43100,25900,0.404,52,0,other,0
L01203,619,41800,11400,0.126,87,0,home_improvement,0
L01204,706,37100,9200,0.352,146,0,vehicle,0
L01205,576,55600,22300,0.136,74,0,other,1
L01206,673,48700,28100,0.392,49,0,debt_consolidation,0
L01207,605,118100,67200,0.331,31,0,medical,0
L01208,629,89500,45600,0.377,52,0,home_improvement,1
L01209,752,92800,51400,0.193,90,1,vehicle,0
L01210,638,67500,36200,0.421,49,0,medical,1
L01211,666,37900,26000,0.559,89,1,home_improvement,0
L01212,797,19700,14600,0.423,91,0,other,0
L01213,676,33700,16600,0.214,6,0,vehicle,0
L01214,692,80900,12500,0.294,26,0,home_improvement,0
L01215,718,55400,11400,0.27,23,2,debt_consolidation,0
L01216,609,21400,9700,0.367,27,0,debt_consolidation,1
L01217,624,68900,44700,0.36,53,0,medical,1
L01218,720,50400,29600,0.308,32,0,home_improvement,0
L01219,705,59600,41000,0.441,57,0,vehicle,0
L01220,679,33100,15300,0.456,79,0,other,0
L01221,548,54600,16300,0.477,25,0,medical,1
L01222,687,41500,27000,0.507,53,0,vehicle,0
L01223,725,120500,68600,0.313,6,0,debt_consolidation,0
L01224,637,94000,50100,0.432,108,0,other,0
L01225,615,38400,28500,0.21,77,0,other,0
L01226,728,92200,47400,0.388,57,0,debt_consolidation,0
L01227,840,19000,4000,0.543,32,2,debt_consolidation,0
L01228,608,38800,25400,0.468,11,0,medical,1
L01229,723,79900,46200,0.485,0,0,medical,1
L01230,796,61200,21000,0.225,68,0,medical,0
L01231,840,58700,23100,0.503,0,0,medical,0
L01232,636,35100,14100,0.326,58,0,home_improvement,1
L01233,649,44900,31600,0.117,29,0,medical,0
L01234,635,49800,15300,0.308,83,0,vehicle,0
L01235,553,49100,16400,0.328,94,0,debt_consolidation,0
L01236,700,83200,13400,0.608,37,0,debt_consolidation,1
L01237,718,58100,39500,0.519,0,1,medical,1
L01238,840,92400,40200,0.283,18,0,vehicle,0
L01239,747,55600,19200,0.543,19,0,home_improvement,0
L01240,678,78600,13600,0.459,86,0,other,0
L01241,647,63400,42200,0.334,26,0,other,0
L01242,645,73000,28900,0.129,39,0,medical,1
L01243,738,52400,8800,0.196,32,1,debt_consolidation,0
L01244,670,59500,42900,0.417,17,0,vehicle,1
L01245,720,40700,11800,0.226,74,1,home_improvement,0
L01246,761,51700,21600,0.273,43,0,medical,0
L01247,692,24800,10300,0.39,154,0,other,0
L01248,712,83900,38900,0.386,71,0,debt_consolidation,0
L01249,729,43800,13100,0.407,0,0,home_improvement,0
L01250,805,21500,5100,0.364,52,0,vehicle,0
L01251,579,53000,24500,0.293,79,0,other,0
L01252,715,73500,34300,0.244,40,0,medical,1
L01253,662,40900,30400,0.338,78,1,debt_consolidation,0
L01254,605,21100,12300,0.395,90,0,home_improvement,0
L01255,826,52700,27400,0.257,49,0,medical,0
L01256,711,78900,36300,0.409,150,0,home_improvement,0
L01257,670,62000,43200,0.441,107,0,vehicle,1
L01258,704,28000,12600,0.18,80,1,home_improvement,0
L01259,646,19400,4600,0.473,0,0,home_improvement,1
L01260,687,47700,10500,0.29,133,0,debt_consolidation,0
L01261,752,47500,8200,0.263,69,0,debt_consolidation,0
L01262,652,83000,40100,0.418,59,1,other,0
L01263,795,45700,25600,0.321,50,1,medical,0
L01264,734,26800,9000,0.148,36,0,debt_consolidation,0
L01265,726,61900,25800,0.279,118,0,vehicle,0
L01266,659,48100,20100,0.267,112,0,medical,0
L01267,617,66100,11600,0.089,70,2,home_improvement,0
L01268,648,52600,21100,0.338,65,0,home_improvement,1
L01269,824,52200,35700,0.324,72,0,debt_consolidation,0
L01270,722,64400,40100,0.228,32,2,other,1
L01271,751,64500,18200,0.376,28,2,medical,0
L01272,754,65400,40800,0.02,134,0,medical,0
L01273,678,55900,33700,0.634,0,0,home_improvement,0
L01274,591,50700,21900,0.271,40,0,vehicle,1
L01275,723,21300,7600,0.305,76,0,other,0
L01276,826,71900,16300,0.373,60,0,home_improvement,0
L01277,691,50100,20400,0.207,85,0,home_improvement,0
L01278,506,86100,20600,0.334,69,0,other,1
L01279,695,75300,41100,0.352,5,0,vehicle,0
L01280,791,41500,20500,0.496,57,0,home_improvement,0
L01281,714,29800,19400,0.371,65,0,home_improvement,0
L01282,693,45200,27300,0.091,51,0,vehicle,0
L01283,696,40200,15800,0.508,132,1,medical,1
L01284,674,62800,18100,0.379,54,0,medical,0
L01285,788,25600,18600,0.184,27,0,other,0
L01286,661,19100,10300,0.417,101,0,home_improvement,0
L01287,604,60200,29800,0.513,78,0,home_improvement,0
L01288,580,53600,36800,0.439,57,1,debt_consolidation,1
L01289,683,76400,40600,0.381,80,0,debt_consolidation,0
L01290,733,19000,6400,0.382,57,0,medical,0
L01291,689,116800,68400,0.465,51,0,vehicle,0
L01292,534,43900,21800,0.269,83,0,debt_consolidation,0
L01293,628,37500,24800,0.195,111,0,home_improvement,0
L01294,798,54100,28100,0.145,68,0,medical,0
L01295,707,47300,22000,0.542,79,0,vehicle,0
L01296,600,43300,23000,0.52,0,0,other,0
L01297,698,110400,37300,0.678,74,0,home_improvement,0
L01298,634,30000,20900,0.097,60,0,other,0
L01299,594,47000,32300,0.502,0,0,vehicle,1
L01300,640,45600,10400,0.4,109,0,home_improvement,0
L01301,656,138900,93400,0.42,73,0,medical,0
L01302,660,31600,20900,0.317,20,0,vehicle,0
L01303,728,41600,15000,0.308,79,0,other,0
L01304,624,42600,29200,0.201,47,0,medical,1
L01305,695,156500,26700,0.422,87,0,home_improvement,0
L01306,648,25100,15200,0.238,0,0,home_improvement,0
L01307,678,53100,20600,0.238,25,0,other,1
L01308,734,61800,19800,0.545,0,0,home_improvement,0
L01309,771,18700,12700,0.268,0,0,debt_consolidation,1
L01310,688,47800,16100,0.142,105,1,other,0
L01311,593,43000,11800,0.4,37,0,debt_consolidation,1
L01312,609,84200,47100,0.258,58,0,medical,1
L01313,659,51500,14500,0.392,112,0,home_improvement,0
L01314,730,58400,37700,0.517,103,1,debt_consolidation,0
L01315,693,43900,14300,0.361,34,2,medical,0
L01316,693,54100,35400,0.302,18,0,medical,0
L01317,720,46600,19700,0.453,0,0,vehicle,1
L01318,726,52400,19100,0.201,128,1,other,0
L01319,735,44600,32200,0.56,14,0,home_improvement,1
L01320,688,57900,17400,0.343,61,0,vehicle,0
L01321,748,55100,9500,0.52,143,0,other,0
L01322,763,79400,12700,0.231,106,0,vehicle,0
L01323,780,74800,42400,0.325,61,0,other,0
L01324,749,85300,35900,0.331,75,0,other,0
L01325,823,21000,5300,0.237,0,0,vehicle,1
L01326,701,42400,8900,0.42,92,0,medical,0
L01327,686,41000,20600,0.216,3,0,home_improvement,0
L01328,675,45600,11500,0.355,110,0,debt_consolidation,0
L01329,711,59600,42900,0.4,48,0,vehicle,0
L01330,582,84100,60400,0.446,48,0,debt_consolidation,1
L01331,648,28600,7700,0.35,20,2,debt_consolidation,0
L01332,723,82200,43400,0.379,80,0,other,0
L01333,726,62100,32700,0.34,67,0,medical,0
L01334,677,51300,30800,0.322,154,0,home_improvement,0
L01335,665,84700,25000,0.232,30,0,medical,0
L01336,744,50000,20300,0.153,0,1,medical,0
L01337,668,32400,17300,0.23,112,0,vehicle,1
L01338,687,19900,10100,0.142,84,0,medical,0
L01339,840,79500,14300,0.426,33,0,debt_consolidation,1
L01340,795,70200,27100,0.354,115,0,home_improvement,0
L01341,644,176600,31500,0.081,22,0,vehicle,1
L01342,630,30100,16100,0.428,64,0,home_improvement,0
L01343,796,38500,12100,0.318,57,0,debt_consolidation,0
L01344,643,33600,7900,0.485,30,0,medical,0
L01345,659,32400,21900,0.362,100,0,medical,0
L01346,659,120600,31700,0.276,87,0,home_improvement,0
L01347,703,55000,36000,0.312,0,0,medical,1
L01348,829,46100,12100,0.283,63,0,medical,0
L01349,608,58000,35300,0.392,14,0,debt_consolidation,1
L01350,701,50900,36500,0.336,11,0,other,0
L01351,664,36300,11400,0.376,38,0,debt_consolidation,1
L01352,622,79400,44900,0.611,52,0,medical,0
L01353,778,39700,19600,0.208,81,0,debt_consolidation,0
L01354,710,32200,12600,0.078,16,1,other,0
L01355,646,41100,21600,0.186,64,0,vehicle,0
L01356,687,66400,11700,0.349,98,0,medical,0
L01357,706,29100,12200,0.249,43,0,debt_consolidation,0
L01358,725,46000,15900,0.517,45,0,home_improvement,1
L01359,615,55300,10900,0.219,102,1,home_improvement,0
L01360,569,80100,14100,0.403,60,0,other,1
L01361,755,52100,19700,0.521,95,0,medical,0
L01362,687,126400,36100,0.32,64,0,debt_consolidation,0
L01363,827,35800,13700,0.307,0,0,debt_consolidation,0
L01364,693,89200,21000,0.429,0,0,medical,1
L01365,703,94300,31200,0.291,66,0,home_improvement,0
L01366,643,162400,68400,0.205,37,0,medical,0
L01367,673,60700,34400,0.043,153,0,home_improvement,0
L01368,578,77000,35400,0.298,40,0,medical,1
L01369,612,66500,43700,0.265,16,0,home_improvement,0
L01370,644,66800,10800,0.355,18,0,medical,1
L01371,707,117500,68800,0.219,56,1,vehicle,0
L01372,663,62400,36800,0.163,0,0,debt_consolidation,1
L01373,707,54600,37000,0.275,28,0,debt_consolidation,0
L01374,687,53800,36900,0.236,0,0,home_improvement,0
L01375,676,72200,48300,0.348,57,0,home_improvement,1
L01376,756,100500,63700,0.046,71,0,vehicle,0
L01377,774,42900,17200,0.333,54,0,home_improvement,0
L01378,692,28800,4500,0.383,68,0,home_improvement,0
L01379,690,52900,20900,0.408,112,0,vehicle,0
L01380,706,50300,24300,0.483,71,0,debt_consolidation,0
L01381,670,54100,17500,0.46,94,0,home_improvement,0
L01382,779,63500,34600,0.536,73,0,other,0
L01383,819,89900,32800,0.373,73,0,home_improvement,0
L01384,581,41400,30700,0.342,70,0,home_improvement,1
L01385,736,89300,27700,0.302,12,1,debt_consolidation,0
L01386,705,66000,21300,0.455,44,0,medical,1
L01387,612,71300,51800,0.439,110,0,other,0
L01388,680,37100,25100,0.285,46,0,vehicle,0
L01389,658,40700,20500,0.13,60,0,home_improvement,0
L01390,716,89500,40600,0.353,48,0,debt_consolidation,0
L01391,673,47800,16900,0.189,61,0,debt_consolidation,0
L01392,698,63700,27200,0.365,37,0,other,0
L01393,730,43100,31700,0.249,78,0,other,0
L01394,737,62500,26900,0.351,54,1,vehicle,0
L01395,669,55500,37700,0.474,41,0,debt_consolidation,0
L01396,657,51400,24200,0.291,58,0,home_improvement,1
L01397,757,31500,10800,0.619,57,0,other,0
L01398,703,72600,45500,0.245,95,1,home_improvement,0
L01399,783,59600,43400,0.371,16,0,other,0
L01400,683,39900,7000,0.464,106,0,vehicle,0
L01401,661,71200,31000,0.304,51,0,other,0
L01402,690,28700,20200,0.166,22,0,debt_consolidation,1
L01403,735,54800,17900,0.264,56,0,medical,0
L01404,713,27200,14400,0.34,113,0,other,1
L01405,777,61800,40200,0.169,102,0,debt_consolidation,0
L01406,686,23200,9100,0.213,108,1,medical,1
L01407,786,35600,23800,0.118,67,0,other,0
L01408,661,70200,38100,0.447,0,0,other,1
L01409,695,95400,49700,0.367,33,0,debt_consolidation,0
L01410,667,70300,27600,0.509,56,1,other,0
L01411,552,62100,39200,0.31,63,0,other,0
L01412,706,84000,48700,0.138,37,0,home_improvement,0
L01413,671,118100,45200,0.15,83,0,debt_consolidation,0
L01414,553,91000,29400,0.587,93,1,other,0
L01415,779,50200,14700,0.487,104,0,home_improvement,0
L01416,646,33300,5700,0.395,42,0,debt_consolidation,1
L01417,735,48000,26200,0.378,66,0,medical,0
L01418,818,23900,5800,0.131,87,1,vehicle,0
L01419,650,66300,22700,0.364,8,0,medical,0
L01420,613,26100,18500,0.192,38,0,other,0
L01421,614,98800,29400,0.389,123,0,vehicle,1
L01422,554,29200,17000,0.418,87,0,debt_consolidation,1
L01423,776,31300,13400,0.449,37,0,vehicle,0
L01424,817,41400,9200,0.18,186,0,medical,0
L01425,654,79400,17200,0.237,19,0,debt_consolidation,0
L01426,750,79800,31200,0.21,50,0,vehicle,0
L01427,771,61900,38600,0.389,127,0,other,0
L01428,607,55100,11700,0.301,58,0,medical,0
L01429,640,71700,24300,0.431,32,0,medical,0
L01430,618,73300,41500,0.302,86,0,other,1
L01431,840,42100,16000,0.642,0,0,home_improvement,0
L01432,732,35200,22200,0.479,107,1,medical,0
L01433,701,69000,50100,0.254,68,0,vehicle,0
L01434,788,91500,50100,0.198,89,0,home_improvement,0
L01435,779,23600,5800,0.091,101,0,home_improvement,0
L01436,840,97300,36800,0.331,55,0,medical,0
L01437,718,60800,35700,0.383,74,1,vehicle,0
L01438,610,45200,18400,0.42,116,2,debt_consolidation,0
L01439,674,90300,31300,0.401,28,0,debt_consolidation,0
L01440,678,55000,27300,0.247,120,0,home_improvement,0
L01441,741,53800,25300,0.212,47,0,home_improvement,0
L01442,708,26200,5600,0.056,56,0,other,0
L01443,565,28300,11600,0.167,34,0,other,1
L01444,840,35100,23200,0.399,85,0,vehicle,0
L01445,678,64700,16900,0.365,37,1,other,0
L01446,555,70800,40800,0.403,0,0,medical,0
L01447,647,44400,8100,0.428,71,0,other,0
L01448,645,76100,45900,0.284,81,0,debt_consolidation,0
L01449,659,36300,21400,0.375,22,0,vehicle,1
L01450,724,72800,18000,0.351,86,0,debt_consolidation,0
L01451,597,51000,28700,0.369,27,0,other,0
L01452,756,40700,14200,0.375,38,0,other,1
L01453,709,73600,49100,0.238,15,0,home_improvement,1
L01454,677,41900,22300,0.526,39,0,debt_consolidation,0
L01455,639,49900,14700,0.364,125,0,vehicle,0
L01456,664,31300,9000,0.421,23,0,vehicle,0
L01457,748,52900,38000,0.374,74,0,medical,0
L01458,701,103200,34000,0.288,33,1,vehicle,0
L01459,612,65100,39900,0.185,48,0,home_improvement,0
L01460,687,55500,36800,0.387,46,0,vehicle,0
L01461,577,68700,22300,0.402,0,0,other,1
L01462,618,41500,12100,0.457,33,0,vehicle,1
L01463,635,42500,28800,0.501,66,0,vehicle,1
L01464,683,37200,15000,0.264,131,0,home_improvement,0
L01465,780,42200,12100,0.263,22,0,other,0
L01466,623,25200,14600,0.523,41,2,other,0
L01467,704,25200,16200,0.295,82,0,vehicle,0
L01468,689,98400,50900,0.391,31,0,other,1
L01469,717,89900,62600,0.341,92,0,medical,0
L01470,619,77500,47900,0.199,102,0,vehicle,0
L01471,704,57900,15700,0.413,18,0,home_improvement,0
L01472,647,63900,21500,0.313,84,0,debt_consolidation,0
L01473,634,43200,9100,0.678,77,2,medical,0
L01474,723,100200,45400,0.438,104,0,debt_consolidation,0
L01475,754,57100,41400,0.202,63,0,vehicle,0
L01476,692,76800,25000,0.315,65,0,home_improvement,1
L01477,705,16900,5700,0.227,71,0,vehicle,0
L01478,618,41700,7500,0.391,0,0,medical,1
L01479,825,51400,14700,0.15,54,0,other,0
L01480,706,76400,21000,0.395,19,0,vehicle,0
L01481,560,78100,21300,0.187,42,0,home_improvement,1
L01482,727,84600,43600,0.514,42,0,medical,0
L01483,576,53600,39000,0.432,47,0,debt_consolidation,0
L01484,840,49700,35000,0.493,121,0,medical,0
L01485,568,32600,7000,0.401,0,2,home_improvement,1
L01486,653,81700,34100,0.367,61,0,vehicle,0
L01487,654,20400,10700,0.385,24,0,debt_consolidation,0
L01488,713,54800,16600,0.02,45,0,home_improvement,0
L01489,646,23800,5700,0.139,33,0,debt_consolidation,0
L01490,667,40700,11700,0.389,63,0,vehicle,0
L01491,647,75300,16700,0.172,57,0,medical,0
L01492,616,34000,13200,0.412,77,0,other,0
L01493,687,38300,11600,0.443,90,1,other,0
L01494,710,25500,9400,0.237,78,1,home_improvement,0
L01495,618,44800,28600,0.393,0,0,medical,1
L01496,781,112400,24200,0.212,89,0,debt_consolidation,0
L01497,734,104300,70700,0.276,22,0,home_improvement,1
L01498,592,85000,49600,0.254,30,0,medical,1
L01499,695,82900,54400,0.474,79,1,other,0
L01500,751,34900,7300,0.397,102,0,medical,0
L01501,650,24300,7700,0.248,47,1,debt_consolidation,0
L01502,615,82700,16300,0.367,43,0,medical,0
L01503,687,60100,14700,0.345,105,0,medical,1
L01504,749,48300,28100,0.561,111,0,debt_consolidation,0
L01505,696,43100,8900,0.395,83,0,vehicle,0
L01506,708,58800,17400,0.322,11,0,debt_consolidation,0
L01507,604,78000,47700,0.296,29,1,home_improvement,1
L01508,642,23800,9500,0.447,58,1,vehicle,1
L01509,604,80600,41100,0.462,80,2,vehicle,0
L01510,779,44400,25400,0.66,3,0,medical,0
L01511,588,26400,16300,0.317,77,2,home_improvement,0
L01512,662,39600,12200,0.204,123,0,vehicle,0
L01513,840,49700,33700,0.484,19,0,medical,0
L01514,763,51100,9300,0.319,102,0,debt_consolidation,0
L01515,773,76200,41100,0.186,53,0,other,0
L01516,759,42100,27900,0.179,28,1,medical,0
L01517,652,28400,6300,0.423,27,0,home_improvement,1
L01518,589,35900,11600,0.334,38,0,medical,0
L01519,775,62600,37100,0.313,72,0,home_improvement,0
L01520,639,29400,16800,0.319,56,1,medical,1
L01521,669,26600,7100,0.401,83,0,vehicle,0
L01522,621,20600,7000,0.321,0,0,medical,1
L01523,768,80300,31700,0.507,25,0,home_improvement,0
L01524,759,32100,5500,0.241,15,0,other,0
L01525,630,34600,20100,0.113,149,1,debt_consolidation,0
L01526,655,36700,18000,0.35,41,0,medical,1
L01527,717,88000,50400,0.491,35,1,medical,0
L01528,704,82900,57400,0.373,96,0,debt_consolidation,0
L01529,509,148600,48500,0.162,66,0,home_improvement,0
L01530,700,27900,13100,0.078,19,0,vehicle,0
L01531,840,82500,30800,0.373,120,1,debt_consolidation,0
L01532,678,67900,32500,0.144,37,0,debt_consolidation,0
L01533,693,40100,22400,0.388,0,0,medical,1
L01534,492,47300,34900,0.194,64,0,debt_consolidation,1
L01535,840,89500,28000,0.369,108,0,debt_consolidation,0
L01536,729,76500,29800,0.2,0,0,medical,0
L01537,582,77000,29600,0.371,66,0,other,0
L01538,707,57700,23500,0.394,26,0,medical,0
L01539,771,39200,11100,0.351,113,0,other,0
L01540,697,50000,14200,0.254,6,0,other,0
L01541,661,31100,8100,0.368,0,0,home_improvement,1
L01542,690,49600,8500,0.288,60,0,debt_consolidation,0
L01543,604,46700,9100,0.355,69,0,home_improvement,0
L01544,746,25300,13600,0.333,12,0,vehicle,0
L01545,715,61200,34800,0.372,38,0,home_improvement,0
L01546,756,50400,35300,0.579,57,0,vehicle,0
L01547,711,25900,19300,0.492,80,0,vehicle,0
L01548,733,25300,17500,0.314,83,0,home_improvement,0
L01549,766,85600,36400,0.37,49,0,medical,0
L01550,816,56900,18400,0.415,0,1,home_improvement,0
L01551,547,51400,28600,0.282,100,0,vehicle,1
L01552,736,55700,13300,0.469,97,0,vehicle,0
L01553,737,30300,8600,0.383,77,0,vehicle,0
L01554,700,78500,33700,0.542,0,0,medical,0
L01555,759,46200,23000,0.606,22,0,medical,0
L01556,696,55800,30600,0.226,0,0,debt_consolidation,1
L01557,694,54300,32000,0.168,34,0,debt_consolidation,0
L01558,603,36900,22300,0.578,92,1,other,0
L01559,666,54900,39800,0.326,30,0,home_improvement,0
L01560,790,39200,19100,0.418,46,1,medical,0
L01561,733,88400,43100,0.492,129,0,home_improvement,0
L01562,798,37800,24000,0.442,15,0,debt_consolidation,0
L01563,741,51000,28400,0.4,54,0,debt_consolidation,1
L01564,638,70000,50000,0.636,12,1,other,1
L01565,499,39800,26700,0.569,0,0,vehicle,1
L01566,722,50900,21800,0.306,18,0,home_improvement,0
L01567,707,76500,23500,0.451,98,0,home_improvement,0
L01568,763,32500,15000,0.382,60,0,debt_consolidation,0
L01569,605,67400,38400,0.445,81,0,debt_consolidation,0
L01570,762,23900,11100,0.19,21,0,medical,0
L01571,565,87700,29700,0.474,63,0,other,0
L01572,624,56000,22000,0.328,98,0,vehicle,0
L01573,637,41400,22100,0.339,62,0,debt_consolidation,1
L01574,742,40500,17200,0.425,29,0,vehicle,0
L01575,595,70800,35700,0.195,0,2,other,1
L01576,674,39900,22600,0.415,28,0,other,0
L01577,677,69200,31700,0.434,44,0,other,1
L01578,700,31900,8800,0.412,0,0,medical,0
L01579,679,92200,33600,0.499,135,0,other,0
L01580,625,38200,25500,0.211,46,0,medical,0
L01581,666,60600,18200,0.156,36,1,debt_consolidation,0
L01582,605,37300,14800,0.336,0,0,vehicle,0
L01583,691,28200,18000,0.109,26,0,debt_consolidation,0
L01584,633,66800,11700,0.377,79,0,debt_consolidation,0
L01585,609,47700,30500,0.405,35,1,debt_consolidation,0
L01586,761,90100,21300,0.479,66,0,medical,0
L01587,717,56300,32700,0.446,17,0,debt_consolidation,0
L01588,679,48200,16900,0.249,51,1,vehicle,0
L01589,804,109500,71500,0.449,37,0,debt_consolidation,0
L01590,582,26700,18100,0.226,84,0,other,0
L01591,715,75500,31100,0.123,74,1,home_improvement,0
L01592,609,52600,24500,0.274,77,1,home_improvement,0
L01593,635,53300,30900,0.423,65,1,home_improvement,1
L01594,654,51100,23900,0.244,63,1,debt_consolidation,1
L01595,673,44700,17100,0.635,28,0,home_improvement,1
L01596,644,47900,20800,0.223,91,0,home_improvement,0
L01597,760,30600,20800,0.438,82,0,home_improvement,0
L01598,792,53600,10300,0.171,0,0,other,0
L01599,771,46200,11400,0.273,38,0,medical,1
L01600,755,53300,31200,0.471,34,0,debt_consolidation,0
L01601,709,43300,17400,0.598,33,0,other,0
L01602,698,43200,21700,0.286,116,0,other,0
L01603,709,28600,8900,0.634,27,0,vehicle,1
L01604,698,45900,32800,0.205,0,0,medical,0
L01605,663,46200,18200,0.168,18,0,home_improvement,0
L01606,717,53800,29900,0.463,45,0,vehicle,0
L01607,772,58100,41800,0.322,32,0,vehicle,0
L01608,738,62700,30600,0.46,0,0,medical,0
L01609,666,38200,9500,0.463,175,0,vehicle,0
L01610,658,62000,9800,0.597,25,0,home_improvement,0
L01611,733,97800,46400,0.134,110,0,other,0
L01612,688,52700,25100,0.67,27,1,home_improvement,1
L01613,772,76500,38000,0.441,0,0,medical,0
L01614,756,40900,12200,0.375,28,0,debt_consolidation,0
L01615,589,64000,18700,0.089,0,0,home_improvement,1
L01616,822,71300,29700,0.327,0,0,debt_consolidation,0
L01617,728,16300,8800,0.416,22,0,debt_consolidation,1
L01618,721,67500,22000,0.336,45,2,home_improvement,0
L01619,775,41500,18500,0.432,105,0,vehicle,0
L01620,681,53800,36200,0.202,39,0,debt_consolidation,0
L01621,662,34100,9100,0.343,52,0,vehicle,0
L01622,840,47400,24300,0.475,23,0,medical,0
L01623,658,47400,22200,0.567,36,0,home_improvement,1
L01624,685,67400,17800,0.405,57,0,home_improvement,0
L01625,715,138500,70500,0.433,63,0,vehicle,0
L01626,641,51200,28300,0.269,0,0,vehicle,1
L01627,610,50500,22500,0.49,0,0,debt_consolidation,1
L01628,727,25100,16700,0.082,74,0,medical,0
L01629,840,45600,17000,0.487,23,0,vehicle,0
L01630,668,41000,15100,0.455,20,0,other,0
L01631,634,49700,18700,0.385,113,0,vehicle,0
L01632,641,68700,16300,0.219,3,0,other,0
L01633,783,101700,40800,0.408,134,0,home_improvement,0
L01634,704,71700,24400,0.172,82,0,other,0
L01635,676,103400,30300,0.37,54,0,medical,1
L01636,668,44500,31900,0.253,83,0,other,0
L01637,759,45700,19700,0.566,31,0,other,0
L01638,725,44200,20100,0.26,74,0,medical,0
L01639,670,62100,13700,0.174,30,0,vehicle,0
L01640,691,60600,34200,0.298,9,0,debt_consolidation,1
L01641,680,78600,50000,0.337,88,0,other,0
L01642,558,53700,14600,0.526,86,0,home_improvement,0
L01643,789,66400,15900,0.386,10,0,medical,0
L01644,708,66600,16800,0.4,0,0,home_improvement,0
L01645,604,45400,28900,0.529,104,0,home_improvement,0
L01646,610,138500,34200,0.317,53,0,medical,0
L01647,735,73800,42100,0.307,20,0,debt_consolidation,0
L01648,631,37800,20700,0.188,77,0,debt_consolidation,1
L01649,683,61800,12200,0.347,39,0,vehicle,0
L01650,652,43800,11800,0.263,94,0,vehicle,0
L01651,718,35200,10400,0.453,65,0,medical,0
L01652,686,67300,17400,0.286,3,1,vehicle,1
L01653,678,53500,15900,0.448,54,0,vehicle,0
L01654,699,45200,14500,0.242,90,0,medical,0
L01655,756,31700,6400,0.399,18,0,vehicle,0
L01656,726,119100,47200,0.174,34,0,medical,0
L01657,684,83400,58200,0.141,40,0,medical,1
L01658,737,56000,31100,0.348,94,0,vehicle,0
L01659,667,76800,35000,0.362,98,0,home_improvement,0
L01660,740,76300,47600,0.234,127,0,home_improvement,0
L01661,638,71900,22400,0.61,45,0,medical,1
L01662,721,52100,25900,0.454,109,0,debt_consolidation,0
L01663,607,51100,35600,0.301,63,0,medical,0
L01664,678,30600,13400,0.347,15,0,medical,0
L01665,591,37600,11300,0.351,104,0,debt_consolidation,0
L01666,640,79800,35900,0.543,82,0,other,1
L01667,709,74500,29500,0.093,50,0,vehicle,0
L01668,730,98100,18100,0.308,91,0,vehicle,0
L01669,633,67200,21200,0.627,10,0,home_improvement,0
L01670,644,29900,5700,0.231,61,0,debt_consolidation,0
L01671,593,22100,15500,0.325,121,1,debt_consolidation,0
L01672,578,60700,26000,0.261,19,0,home_improvement,0
L01673,783,133700,74400,0.293,5,0,vehicle,0
L01674,729,29900,17800,0.289,0,0,debt_consolidation,0
L01675,840,37600,7200,0.308,66,1,vehicle,0
L01676,759,31500,5400,0.306,81,0,debt_consolidation,0
L01677,798,71000,17500,0.089,42,0,medical,0
L01678,739,49600,18600,0.239,67,0,home_improvement,0
L01679,659,107700,34300,0.33,87,0,home_improvement,0
L01680,604,51200,14500,0.319,102,1,medical,0
L01681,695,45000,7100,0.572,0,0,home_improvement,1
L01682,638,30800,7200,0.236,27,0,medical,0
L01683,767,42200,13800,0.296,0,1,home_improvement,0
L01684,531,91900,18600,0.274,38,0,other,1
L01685,728,122900,21000,0.249,10,0,other,0
L01686,700,48200,11200,0.43,45,0,other,0
L01687,730,75100,18500,0.281,120,0,other,0
L01688,763,26800,14500,0.378,74,0,other,0
L01689,660,20000,13400,0.344,132,0,other,0
L01690,712,101100,26600,0.421,6,0,vehicle,0
L01691,663,38700,9200,0.392,59,0,medical,0
L01692,662,43700,22000,0.261,30,0,vehicle,0
L01693,705,82800,53900,0.199,112,0,other,0
L01694,675,47700,15900,0.508,107,1,home_improvement,1
L01695,681,84600,48500,0.184,19,1,other,0
L01696,648,30100,15400,0.406,39,0,medical,1
L01697,749,53200,8300,0.146,69,0,debt_consolidation,0
L01698,614,104400,42800,0.523,105,0,vehicle,0
L01699,822,46900,27800,0.414,19,0,debt_consolidation,0
L01700,586,72000,45500,0.351,26,1,debt_consolidation,1
L01701,710,44200,20200,0.307,35,0,debt_consolidation,0
L01702,840,59300,39900,0.328,39,0,debt_consolidation,0
L01703,683,37600,11100,0.233,60,0,other,0
L01704,635,75200,22800,0.457,28,0,medical,0
L01705,727,31700,15700,0.264,46,0,home_improvement,0
L01706,670,62100,44300,0.161,66,0,debt_consolidation,0
L01707,712,35200,19900,0.433,60,0,medical,0
L01708,672,25500,9700,0.151,52,0,vehicle,1
L01709,654,43800,26500,0.509,109,0,other,0
L01710,809,102300,55600,0.18,44,0,home_improvement,0
L01711,791,89900,56800,0.373,0,0,vehicle,1
L01712,656,30100,7700,0.387,0,0,other,0
L01713,814,44700,23100,0.168,26,0,debt_consolidation,1
L01714,611,77200,44900,0.434,54,0,other,1
L01715,751,44900,19900,0.488,25,0,home_improvement,0
L01716,625,59700,22500,0.515,102,0,debt_consolidation,1
L01717,625,37800,15600,0.315,18,1,other,1
L01718,681,19200,3500,0.242,30,0,vehicle,0
L01719,579,26800,13300,0.24,61,0,other,0
L01720,640,79100,46200,0.268,42,0,home_improvement,0
L01721,785,78000,19700,0.51,78,0,debt_consolidation,0
L01722,616,15100,7400,0.432,0,0,other,0
L01723,618,87600,46100,0.376,88,2,home_improvement,0
L01724,740,81600,46600,0.33,20,0,vehicle,0
L01725,564,41500,14500,0.324,65,1,vehicle,1
L01726,668,61600,22500,0.278,36,0,vehicle,0
L01727,742,93800,26800,0.514,0,2,debt_consolidation,0
L01728,636,83800,14300,0.356,100,0,home_improvement,0
L01729,781,24800,5300,0.322,89,0,medical,0
L01730,591,45400,29800,0.523,0,0,vehicle,1
L01731,765,56300,23000,0.376,28,0,other,0
L01732,675,73900,46600,0.338,42,0,home_improvement,0
L01733,720,53000,34700,0.188,14,0,debt_consolidation,0
L01734,731,58000,26800,0.243,81,0,medical,0
L01735,707,54200,20000,0.13,4,2,other,1
L01736,816,26200,18800,0.241,5,0,other,1
L01737,722,110000,16900,0.147,27,0,other,0
L01738,726,118300,53600,0.396,71,0,other,0
L01739,678,29500,20200,0.523,117,0,debt_consolidation,0
L01740,573,33800,7900,0.333,103,0,vehicle,0
L01741,708,50100,36800,0.241,52,0,medical,0
L01742,678,92100,55900,0.365,109,0,vehicle,0
L01743,720,47100,12500,0.274,39,0,home_improvement,0
L01744,640,43500,26400,0.277,82,2,home_improvement,1
L01745,653,45200,13700,0.385,43,0,medical,1
L01746,639,39500,13800,0.359,35,0,vehicle,0
L01747,756,25200,16800,0.364,51,0,vehicle,0
L01748,601,45900,10800,0.478,46,1,medical,1
L01749,610,45200,29800,0.512,18,0,debt_consolidation,0
L01750,692,75000,38100,0.313,66,0,vehicle,0
L01751,735,54800,21400,0.33,76,0,debt_consolidation,0
L01752,742,26600,9300,0.241,67,0,home_improvement,0
L01753,720,65700,35500,0.184,0,1,medical,1
L01754,628,69600,13500,0.358,0,0,vehicle,1
L01755,605,58900,31500,0.246,31,0,medical,0
L01756,691,86600,43800,0.297,48,0,medical,0
L01757,710,83400,60000,0.34,0,1,medical,0
L01758,766,31400,23500,0.582,95,0,medical,0
L01759,705,51300,32800,0.244,44,0,vehicle,0
L01760,577,56400,30500,0.314,0,0,debt_consolidation,1
L01761,608,81900,55100,0.367,33,2,medical,1
L01762,840,25900,11600,0.444,73,0,vehicle,0
L01763,737,45700,27500,0.271,99,0,home_improvement,0
L01764,799,64100,17000,0.161,40,0,debt_consolidation,0
L01765,727,43000,25400,0.167,73,0,vehicle,0
L01766,679,69900,46800,0.412,19,0,vehicle,0
L01767,568,72500,16700,0.441,51,1,vehicle,1
L01768,675,58600,33000,0.468,34,0,other,0
L01769,706,51300,32500,0.219,0,0,debt_consolidation,0
L01770,725,35300,19400,0.178,75,0,other,0
L01771,714,56400,10900,0.276,92,0,vehicle,0
L01772,694,27500,16600,0.51,67,0,debt_consolidation,1
L01773,609,56500,34500,0.256,12,0,home_improvement,1
L01774,840,27700,20000,0.22,41,0,home_improvement,0
L01775,697,73200,40500,0.363,0,0,other,1
L01776,595,52900,9700,0.02,36,0,vehicle,1
L01777,684,31000,13500,0.24,11,0,home_improvement,0
L01778,637,92000,23300,0.039,64,0,other,1
L01779,775,65100,15600,0.256,45,0,home_improvement,0
L01780,654,55100,23200,0.516,0,0,home_improvement,0
L01781,758,48300,16100,0.143,46,1,home_improvement,0
L01782,668,74400,37200,0.394,7,0,medical,0
L01783,742,98700,37000,0.492,44,0,other,0
L01784,736,88500,20500,0.318,22,1,other,0
L01785,753,31300,17400,0.357,87,0,medical,0
L01786,679,108600,79300,0.332,43,0,debt_consolidation,0
L01787,696,32000,9500,0.344,49,2,medical,0
L01788,706,47700,20100,0.354,83,0,debt_consolidation,0
L01789,784,28300,13800,0.409,139,0,medical,0
L01790,734,99200,58600,0.477,17,0,medical,0
L01791,634,30500,6200,0.531,64,0,medical,1
L01792,733,80500,21700,0.352,33,0,vehicle,0
L01793,681,43900,8000,0.419,17,2,other,0
L01794,670,100100,36300,0.305,108,0,home_improvement,0
L01795,686,31400,4800,0.34,35,1,debt_consolidation,0
L01796,481,67000,17800,0.063,10,0,vehicle,1
L01797,695,47100,25300,0.502,26,0,other,0
L01798,612,71500,50500,0.367,40,0,medical,0
L01799,625,53600,8500,0.58,45,0,debt_consolidation,0
L01800,685,39300,9100,0.365,40,0,vehicle,0
